query,response
"Users gender is male. I need some casual wear for the weekend.","{ ""products"": [ { ""name"": ""Relaxed fit jeans"", ""description"": ""Comfortable denim jeans for casual wear"", ""category"": ""men_clothing"" }, { ""name"": ""Cotton polo shirt"", ""description"": ""Breathable polo shirt for weekend outings"", ""category"": ""men_clothing"" }, { ""name"": ""Chino shorts"", ""description"": ""Versatile khaki shorts for warm days"", ""category"": ""men_clothing"" } ] }"
"Users gender is male. Looking for formal shoes for a wedding.","{ ""products"": [ { ""name"": ""Oxford dress shoes"", ""description"": ""Classic black leather Oxford shoes"", ""category"": ""men_shoes"" }, { ""name"": ""Brogue wingtips"", ""description"": ""Brown leather brogue wingtip shoes"", ""category"": ""men_shoes"" }, { ""name"": ""Patent leather loafers"", ""description"": ""Shiny black patent leather slip-on loafers"", ""category"": ""men_shoes"" } ] }"
"Users gender is male. Need a watch for everyday use.","{ ""products"": [ { ""name"": ""Stainless steel chronograph"", ""description"": ""Versatile stainless steel watch with chronograph function"", ""category"": ""men_watches"" }, { ""name"": ""Leather strap dress watch"", ""description"": ""Elegant brown leather strap watch for daily wear"", ""category"": ""men_watches"" }, { ""name"": ""Digital sports watch"", ""description"": ""Multifunctional digital watch for active lifestyles"", ""category"": ""men_watches"" } ] }"
"Users gender is female. I'm looking for summer dresses.","{ ""products"": [ { ""name"": ""Floral maxi dress"", ""description"": ""Long, flowing dress with vibrant floral print"", ""category"": ""women_clothing"" }, { ""name"": ""Linen sundress"", ""description"": ""Light and airy linen dress for hot days"", ""category"": ""women_clothing"" }, { ""name"": ""Wrap midi dress"", ""description"": ""Versatile wrap-style dress in a midi length"", ""category"": ""women_clothing"" } ] }"
"Users gender is female. Need comfortable walking shoes for travel.","{ ""products"": [ { ""name"": ""Cushioned sneakers"", ""description"": ""Lightweight, cushioned sneakers for all-day comfort"", ""category"": ""women_shoes"" }, { ""name"": ""Supportive sandals"", ""description"": ""Ergonomic sandals with arch support for walking"", ""category"": ""women_shoes"" }, { ""name"": ""Slip-on loafers"", ""description"": ""Easy to wear, comfortable loafers for travel"", ""category"": ""women_shoes"" } ] }"
"Users gender is female. Looking for an elegant watch for formal events.","{ ""products"": [ { ""name"": ""Gold-tone dress watch"", ""description"": ""Slim, elegant gold-tone watch with minimalist design"", ""category"": ""women_watches"" }, { ""name"": ""Diamond-accented silver watch"", ""description"": ""Luxurious silver watch with diamond hour markers"", ""category"": ""women_watches"" }, { ""name"": ""Pearl bracelet watch"", ""description"": ""Delicate watch with a pearl-embellished bracelet"", ""category"": ""women_watches"" } ] }"
"Users gender is male. I need a suit for a job interview.","{ ""products"": [ { ""name"": ""Navy blue suit"", ""description"": ""Classic two-piece navy suit for professional settings"", ""category"": ""men_clothing"" }, { ""name"": ""White dress shirt"", ""description"": ""Crisp white button-up shirt for formal wear"", ""category"": ""men_clothing"" }, { ""name"": ""Silk tie"", ""description"": ""Solid color silk tie to complete the look"", ""category"": ""men_clothing"" } ] }"
"Users gender is male. Looking for comfortable running shoes.","{ ""products"": [ { ""name"": ""Cushioned running sneakers"", ""description"": ""High-performance running shoes with extra cushioning"", ""category"": ""men_shoes"" }, { ""name"": ""Lightweight training shoes"", ""description"": ""Breathable, flexible shoes for various workouts"", ""category"": ""men_shoes"" }, { ""name"": ""Stability running shoes"", ""description"": ""Supportive shoes for runners who need extra stability"", ""category"": ""men_shoes"" } ] }"
"Users gender is male. Need a waterproof watch for swimming.","{ ""products"": [ { ""name"": ""Diving watch"", ""description"": ""Professional-grade waterproof watch for deep diving"", ""category"": ""men_watches"" }, { ""name"": ""Sports smartwatch"", ""description"": ""Waterproof smartwatch with swim tracking features"", ""category"": ""men_watches"" }, { ""name"": ""Rubber strap water-resistant watch"", ""description"": ""Durable watch with rubber strap for water activities"", ""category"": ""men_watches"" } ] }"
"Users gender is female. I need office-appropriate blouses.","{ ""products"": [ { ""name"": ""Silk button-up blouse"", ""description"": ""Elegant silk blouse suitable for office wear"", ""category"": ""women_clothing"" }, { ""name"": ""Ruffled neck top"", ""description"": ""Feminine blouse with a ruffled neckline"", ""category"": ""women_clothing"" }, { ""name"": ""Tailored cotton shirt"", ""description"": ""Crisp cotton shirt for a professional look"", ""category"": ""women_clothing"" } ] }"
"Users gender is female. Looking for high heels for a cocktail party.","{ ""products"": [ { ""name"": ""Stiletto pumps"", ""description"": ""Classic black stiletto heels for evening wear"", ""category"": ""women_shoes"" }, { ""name"": ""Strappy sandals"", ""description"": ""Elegant strappy heels with ankle closure"", ""category"": ""women_shoes"" }, { ""name"": ""Peep-toe heels"", ""description"": ""Sophisticated peep-toe heels in metallic finish"", ""category"": ""women_shoes"" } ] }"
"Users gender is female. Need a sporty watch for fitness tracking.","{ ""products"": [ { ""name"": ""Fitness tracker watch"", ""description"": ""Multifunctional watch with heart rate and activity tracking"", ""category"": ""women_watches"" }, { ""name"": ""GPS running watch"", ""description"": ""Sports watch with GPS for accurate distance tracking"", ""category"": ""women_watches"" }, { ""name"": ""Waterproof fitness smartwatch"", ""description"": ""Swim-proof smartwatch with comprehensive health features"", ""category"": ""women_watches"" } ] }"
"Users gender is male. I'm looking for winter jackets.","{ ""products"": [ { ""name"": ""Insulated puffer jacket"", ""description"": ""Warm, lightweight puffer jacket for cold weather"", ""category"": ""men_clothing"" }, { ""name"": ""Wool peacoat"", ""description"": ""Classic wool peacoat for a sophisticated winter look"", ""category"": ""men_clothing"" }, { ""name"": ""Waterproof ski jacket"", ""description"": ""Technical ski jacket with waterproof and breathable fabric"", ""category"": ""men_clothing"" } ] }"
"Users gender is male. Need dress shoes for the office.","{ ""products"": [ { ""name"": ""Cap-toe Oxfords"", ""description"": ""Traditional cap-toe Oxford shoes in black leather"", ""category"": ""men_shoes"" }, { ""name"": ""Brown Derby shoes"", ""description"": ""Versatile Derby shoes in rich brown color"", ""category"": ""men_shoes"" }, { ""name"": ""Monk strap shoes"", ""description"": ""Stylish monk strap shoes for a modern office look"", ""category"": ""men_shoes"" } ] }"
"Users gender is male. Looking for a luxury watch for special occasions.","{ ""products"": [ { ""name"": ""Gold automatic watch"", ""description"": ""Luxurious gold watch with visible automatic movement"", ""category"": ""men_watches"" }, { ""name"": ""Diamond-accented dress watch"", ""description"": ""Elegant watch with diamond hour markers and leather strap"", ""category"": ""men_watches"" }, { ""name"": ""Tourbillon watch"", ""description"": ""High-end watch featuring a tourbillon complication"", ""category"": ""men_watches"" } ] }"
"Users gender is female. Need yoga and workout clothes.","{ ""products"": [ { ""name"": ""High-waisted leggings"", ""description"": ""Stretchy, moisture-wicking leggings for yoga and gym"", ""category"": ""women_clothing"" }, { ""name"": ""Sports bra"", ""description"": ""Supportive sports bra for high-impact activities"", ""category"": ""women_clothing"" }, { ""name"": ""Loose-fit tank top"", ""description"": ""Breathable tank top for layering during workouts"", ""category"": ""women_clothing"" } ] }"
"Users gender is female. Looking for comfortable flats for work.","{ ""products"": [ { ""name"": ""Leather ballet flats"", ""description"": ""Classic leather flats for all-day comfort at work"", ""category"": ""women_shoes"" }, { ""name"": ""Pointed-toe loafers"", ""description"": ""Stylish and comfortable loafers for office wear"", ""category"": ""women_shoes"" }, { ""name"": ""Cushioned slip-on shoes"", ""description"": ""Easy to wear slip-ons with extra cushioning"", ""category"": ""women_shoes"" } ] }"
"Users gender is female. Need a watch that doubles as jewelry.","{ ""products"": [ { ""name"": ""Rose gold bracelet watch"", ""description"": ""Elegant rose gold watch that looks like a bracelet"", ""category"": ""women_watches"" }, { ""name"": ""Jewel-encrusted watch"", ""description"": ""Luxurious watch with gemstones around the bezel"", ""category"": ""women_watches"" }, { ""name"": ""Slim mesh strap watch"", ""description"": ""Minimalist watch with a delicate mesh metal strap"", ""category"": ""women_watches"" } ] }"
"Users gender is male. I need swimwear for a beach vacation.","{ ""products"": [ { ""name"": ""Quick-dry swim shorts"", ""description"": ""Comfortable swim shorts with quick-drying fabric"", ""category"": ""men_clothing"" }, { ""name"": ""Board shorts"", ""description"": ""Longer length board shorts for surfing and swimming"", ""category"": ""men_clothing"" }, { ""name"": ""Swim briefs"", ""description"": ""Athletic-style swim briefs for competitive swimming"", ""category"": ""men_clothing"" } ] }"
"Users gender is male. Looking for hiking boots for outdoor adventures.","{ ""products"": [ { ""name"": ""Waterproof hiking boots"", ""description"": ""Durable, waterproof boots for challenging trails"", ""category"": ""men_shoes"" }, { ""name"": ""Lightweight trail shoes"", ""description"": ""Versatile shoes for light hiking and trail running"", ""category"": ""men_shoes"" }, { ""name"": ""Ankle-support trekking boots"", ""description"": ""Sturdy boots with extra ankle support for rough terrain"", ""category"": ""men_shoes"" } ] }"
"Users gender is male. Need a rugged watch for outdoor activities.","{ ""products"": [ { ""name"": ""Tactical military watch"", ""description"": ""Durable watch with multiple outdoor-oriented features"", ""category"": ""men_watches"" }, { ""name"": ""Solar-powered adventure watch"", ""description"": ""Eco-friendly watch that charges with sunlight"", ""category"": ""men_watches"" }, { ""name"": ""Altimeter watch"", ""description"": ""Multifunctional watch with altimeter and barometer"", ""category"": ""men_watches"" } ] }"
"Users gender is male. I need a tuxedo for a black-tie event.","{ ""products"": [ { ""name"": ""Classic black tuxedo"", ""description"": ""Traditional black tuxedo with satin lapels"", ""category"": ""men_clothing"" }, { ""name"": ""White dinner jacket"", ""description"": ""Elegant white dinner jacket for formal summer events"", ""category"": ""men_clothing"" }, { ""name"": ""Tuxedo shirt"", ""description"": ""Crisp white shirt with pleated front for formal wear"", ""category"": ""men_clothing"" } ] }"
"Users gender is male. Looking for casual sneakers for everyday wear.","{ ""products"": [ { ""name"": ""Canvas low-tops"", ""description"": ""Classic canvas sneakers for casual style"", ""category"": ""men_shoes"" }, { ""name"": ""Leather fashion sneakers"", ""description"": ""Trendy leather sneakers for a smart-casual look"", ""category"": ""men_shoes"" }, { ""name"": ""Slip-on sneakers"", ""description"": ""Easy-to-wear slip-on sneakers for daily use"", ""category"": ""men_shoes"" } ] }"
"Users gender is male. Need a dress watch for business meetings.","{ ""products"": [ { ""name"": ""Minimalist leather watch"", ""description"": ""Sleek, minimalist watch with leather strap for professional settings"", ""category"": ""men_watches"" }, { ""name"": ""Automatic dress watch"", ""description"": ""Sophisticated automatic watch with date display"", ""category"": ""men_watches"" }, { ""name"": ""Slim profile watch"", ""description"": ""Ultra-thin watch that fits comfortably under shirt cuffs"", ""category"": ""men_watches"" } ] }"
"Users gender is female. Looking for a cocktail dress for a party.","{ ""products"": [ { ""name"": ""Little black dress"", ""description"": ""Classic black cocktail dress for versatile styling"", ""category"": ""women_clothing"" }, { ""name"": ""Sequin mini dress"", ""description"": ""Sparkly sequin dress for glamorous events"", ""category"": ""women_clothing"" }, { ""name"": ""Off-shoulder cocktail dress"", ""description"": ""Elegant off-shoulder dress in a vibrant color"", ""category"": ""women_clothing"" } ] }"
"Users gender is female. Need comfortable sneakers for city walking.","{ ""products"": [ { ""name"": ""Lightweight running shoes"", ""description"": ""Breathable, cushioned shoes for urban exploration"", ""category"": ""women_shoes"" }, { ""name"": ""Fashion sneakers"", ""description"": ""Stylish sneakers that blend comfort and trend"", ""category"": ""women_shoes"" }, { ""name"": ""Knit slip-on sneakers"", ""description"": ""Flexible, sock-like sneakers for easy wear"", ""category"": ""women_shoes"" } ] }"
"Users gender is female. Looking for a smartwatch with feminine design.","{ ""products"": [ { ""name"": ""Slim touchscreen smartwatch"", ""description"": ""Sleek smartwatch with customizable face designs"", ""category"": ""women_watches"" }, { ""name"": ""Rose gold hybrid smartwatch"", ""description"
"Users gender is male. I need breathable shirts for intense workouts.","{ ""products"": [ { ""name"": ""Moisture-wicking t-shirt"", ""description"": ""Lightweight, quick-dry shirt for high-intensity training"", ""category"": ""men_clothing"" }, { ""name"": ""Mesh panel running top"", ""description"": ""Ventilated shirt with mesh panels for maximum airflow"", ""category"": ""men_clothing"" }, { ""name"": ""Compression training shirt"", ""description"": ""Tight-fitting shirt for muscle support during workouts"", ""category"": ""men_clothing"" } ] }"
"Users gender is male. Looking for supportive running shoes for marathons.","{ ""products"": [ { ""name"": ""Long-distance running shoes"", ""description"": ""Cushioned shoes designed for marathon distances"", ""category"": ""men_shoes"" }, { ""name"": ""Stability running sneakers"", ""description"": ""Supportive shoes for runners who need extra stability"", ""category"": ""men_shoes"" }, { ""name"": ""Lightweight racing flats"", ""description"": ""Ultra-light shoes for competitive marathon runners"", ""category"": ""men_shoes"" } ] }"
"Users gender is male. Need a durable sports watch for triathlons.","{ ""products"": [ { ""name"": ""Multisport GPS watch"", ""description"": ""Advanced watch with swimming, cycling, and running modes"", ""category"": ""men_watches"" }, { ""name"": ""Waterproof fitness tracker"", ""description"": ""Durable tracker for monitoring performance across sports"", ""category"": ""men_watches"" }, { ""name"": ""Long-battery life sports watch"", ""description"": ""Endurance watch with extended battery for long events"", ""category"": ""men_watches"" } ] }"
"Users gender is female. Looking for supportive sports bras for high-impact activities.","{ ""products"": [ { ""name"": ""High-impact compression bra"", ""description"": ""Maximum support bra for intense workouts and running"", ""category"": ""women_clothing"" }, { ""name"": ""Adjustable racerback sports bra"", ""description"": ""Customizable fit bra for various high-impact activities"", ""category"": ""women_clothing"" }, { ""name"": ""Encapsulation sports bra"", ""description"": ""Individual cup support for high-impact sports"", ""category"": ""women_clothing"" } ] }"
"Users gender is female. Need comfortable cross-training shoes for gym sessions.","{ ""products"": [ { ""name"": ""Versatile training sneakers"", ""description"": ""All-around shoes for various gym activities"", ""category"": ""women_shoes"" }, { ""name"": ""Lightweight cross-trainers"", ""description"": ""Flexible shoes for quick movements and lifts"", ""category"": ""women_shoes"" }, { ""name"": ""Stability cross-training shoes"", ""description"": ""Supportive shoes for diverse gym workouts"", ""category"": ""women_shoes"" } ] }"
"Users gender is female. Looking for a smartwatch to track my fitness progress.","{ ""products"": [ { ""name"": ""Fitness tracking smartwatch"", ""description"": ""Comprehensive health and fitness tracker with smart features"", ""category"": ""women_watches"" }, { ""name"": ""Slim activity monitor"", ""description"": ""Sleek watch for tracking steps, calories, and sleep"", ""category"": ""women_watches"" }, { ""name"": ""Heart rate monitoring sports watch"", ""description"": ""Advanced watch with continuous heart rate tracking"", ""category"": ""women_watches"" } ] }"
"Users gender is male. I need compression gear for muscle recovery.","{ ""products"": [ { ""name"": ""Compression leggings"", ""description"": ""Full-length compression tights for lower body recovery"", ""category"": ""men_clothing"" }, { ""name"": ""Compression arm sleeves"", ""description"": ""Targeted compression for arm muscle recovery"", ""category"": ""men_clothing"" }, { ""name"": ""Recovery compression shirt"", ""description"": ""Upper body compression top for post-workout wear"", ""category"": ""men_clothing"" } ] }"
"Users gender is male. Looking for trail running shoes with good traction.","{ ""products"": [ { ""name"": ""Rugged trail running shoes"", ""description"": ""Durable shoes with aggressive tread for trail running"", ""category"": ""men_shoes"" }, { ""name"": ""Waterproof trail sneakers"", ""description"": ""Water-resistant shoes for wet trail conditions"", ""category"": ""men_shoes"" }, { ""name"": ""Lightweight trail racing shoes"", ""description"": ""Nimble shoes for fast-paced trail running"", ""category"": ""men_shoes"" } ] }"
"Users gender is male. Need a watch for tracking open water swims.","{ ""products"": [ { ""name"": ""Open water swimming watch"", ""description"": ""GPS watch designed for tracking open water swims"", ""category"": ""men_watches"" }, { ""name"": ""Triathlon smartwatch"", ""description"": ""Multisport watch with dedicated swimming features"", ""category"": ""men_watches"" }, { ""name"": ""High-precision aquatic tracker"", ""description"": ""Accurate watch for monitoring swim distances and strokes"", ""category"": ""men_watches"" } ] }"
"Users gender is female. I need moisture-wicking leggings for yoga and pilates.","{ ""products"": [ { ""name"": ""High-waisted yoga leggings"", ""description"": ""Stretchy, sweat-wicking leggings for yoga practice"", ""category"": ""women_clothing"" }, { ""name"": ""Seamless pilates tights"", ""description"": ""Smooth, chafe-free leggings for pilates sessions"", ""category"": ""women_clothing"" }, { ""name"": ""Cropped workout leggings"", ""description"": ""Breathable, cropped leggings for various exercises"", ""category"": ""women_clothing"" } ] }"
"Users gender is female. Looking for lightweight tennis shoes with good support.","{ ""products"": [ { ""name"": ""Responsive tennis court shoes"", ""description"": ""Lightweight shoes with excellent court feel"", ""category"": ""women_shoes"" }, { ""name"": ""Cushioned tennis sneakers"", ""description"": ""Supportive shoes for long tennis matches"", ""category"": ""women_shoes"" }, { ""name"": ""Breathable clay court shoes"", ""description"": ""Ventilated shoes designed for clay tennis courts"", ""category"": ""women_shoes"" } ] }"
"Users gender is female. Need a watch to monitor my heart rate during cardio.","{ ""products"": [ { ""name"": ""Cardio heart rate watch"", ""description"": ""Specialized watch for accurate heart rate monitoring"", ""category"": ""women_watches"" }, { ""name"": ""Multisport HR tracker"", ""description"": ""Versatile watch with heart rate zones for various sports"", ""category"": ""women_watches"" }, { ""name"": ""Smart fitness watch"", ""description"": ""Advanced smartwatch with 24/7 heart rate tracking"", ""category"": ""women_watches"" } ] }"
"Users gender is male. I need quick-dry shorts for swimming and beach sports.","{ ""products"": [ { ""name"": ""Hybrid swim shorts"", ""description"": ""Versatile shorts for swimming and land activities"", ""category"": ""men_clothing"" }, { ""name"": ""Lightweight board shorts"", ""description"": ""Quick-drying shorts ideal for beach sports"", ""category"": ""men_clothing"" }, { ""name"": ""Stretch swim trunks"", ""description"": ""Flexible, fast-drying trunks for water activities"", ""category"": ""men_clothing"" } ] }"
"Users gender is male. Looking for indoor soccer shoes with good grip.","{ ""products"": [ { ""name"": ""Indoor court soccer shoes"", ""description"": ""Shoes with non-marking soles for indoor soccer"", ""category"": ""men_shoes"" }, { ""name"": ""Futsal-specific sneakers"", ""description"": ""Specialized shoes for futsal and indoor soccer"", ""category"": ""men_shoes"" }, { ""name"": ""Gum-sole indoor soccer shoes"", ""description"": ""Shoes with gum rubber soles for excellent traction"", ""category"": ""men_shoes"" } ] }"
"Users gender is male. Need a watch with built-in golf GPS.","{ ""products"": [ { ""name"": ""Golf GPS smartwatch"", ""description"": ""Advanced watch with golf course maps and shot tracking"", ""category"": ""men_watches"" }, { ""name"": ""Multisport watch with golf mode"", ""description"": ""Versatile watch featuring a dedicated golf GPS function"", ""category"": ""men_watches"" }, { ""name"": ""Premium golf tracking watch"", ""description"": ""High-end watch with detailed golf analytics and scoring"", ""category"": ""men_watches"" } ] }"
"Users gender is female. Looking for a supportive sports tank top for gym workouts.","{ ""products"": [ { ""name"": ""Built-in bra workout tank"", ""description"": ""Supportive tank top with integrated sports bra"", ""category"": ""women_clothing"" }, { ""name"": ""Moisture-wicking training tank"", ""description"": ""Breathable, quick-dry tank for intense workouts"", ""category"": ""women_clothing"" }, { ""name"": ""Loose-fit gym tank"", ""description"": ""Comfortable, flowy tank top for various exercises"", ""category"": ""women_clothing"" } ] }"
"Users gender is female. Need comfortable shoes for Zumba and dance fitness classes.","{ ""products"": [ { ""name"": ""Dance fitness sneakers"", ""description"": ""Flexible shoes with pivot points for dance workouts"", ""category"": ""women_shoes"" }, { ""name"": ""Lightweight Zumba shoes"", ""description"": ""Breathable shoes designed for Zumba classes"", ""category"": ""women_shoes"" }, { ""name"": ""Supportive dance training shoes"", ""description"": ""Cushioned shoes for high-impact dance fitness"", ""category"": ""women_shoes"" } ] }"
"Users gender is female. Looking for a watch to track my daily step count and activity levels.","{ ""products"": [ { ""name"": ""Stylish fitness tracker"", ""description"": ""Sleek watch for tracking steps, calories, and activity"", ""category"": ""women_watches"" }, { ""name"": ""All-day activity monitor"", ""description"": ""24/7 tracker for steps, sleep, and overall health"", ""category"": ""women_watches"" }, { ""name"": ""Smart pedometer watch"", ""description"": ""Accurate step counter with smartphone notifications"", ""category"": ""women_watches"" } ] }"
"Users gender is male. I need breathable, anti-chafe cycling shorts.","{ ""products"": [ { ""name"": ""Padded cycling bib shorts"", ""description"": ""Professional-grade shorts with chamois padding"", ""category"": ""men_clothing"" }, { ""name"": ""Compression cycling shorts"", ""description"": ""Tight-fitting shorts to reduce muscle fatigue"", ""category"": ""men_clothing"" }, { ""name"": ""Ventilated mountain bike shorts"", ""description"": ""Loose-fit shorts with built-in liner for off-road cycling"", ""category"": ""men_clothing"" } ] }"
"Users gender is male. Looking for weightlifting shoes with a stable platform.","{ ""products"": [ { ""name"": ""Olympic weightlifting shoes"", ""description"": ""Shoes with raised heel for Olympic lifts"", ""category"": ""men_shoes"" }, { ""name"": ""Powerlifting shoes"", ""description"": ""Flat, sturdy shoes for squats and deadlifts"", ""category"": ""men_shoes"" }, { ""name"": ""CrossFit lifting shoes"", ""description"": ""Versatile shoes for lifting and cross-training"", ""category"": ""men_shoes"" } ] }"
"Users gender is female. I need a glamorous dress for a New Year's Eve party.","{ ""products"": [ { ""name"": ""Sequin cocktail dress"", ""description"": ""Dazzling sequin dress for a festive night out"", ""category"": ""women_clothing"" }, { ""name"": ""Metallic wrap dress"", ""description"": ""Shimmering wrap-style dress for a chic party look"", ""category"": ""women_clothing"" }, { ""name"": ""Velvet off-shoulder gown"", ""description"": ""Elegant velvet dress for a luxurious New Year's Eve"", ""category"": ""women_clothing"" } ] }"
"Users gender is female. Looking for statement heels to match my party dress.","{ ""products"": [ { ""name"": ""Glitter stilettos"", ""description"": ""Eye-catching glitter heels for a glamorous touch"", ""category"": ""women_shoes"" }, { ""name"": ""Embellished ankle strap sandals"", ""description"": ""Dressy sandals with crystal embellishments"", ""category"": ""women_shoes"" }, { ""name"": ""Metallic platform pumps"", ""description"": ""Striking metallic heels with a comfortable platform"", ""category"": ""women_shoes"" } ] }"
"Users gender is female. Need a elegant watch for a black-tie gala.","{ ""products"": [ { ""name"": ""Diamond-encrusted cocktail watch"", ""description"": ""Luxurious watch with sparkling diamond accents"", ""category"": ""women_watches"" }, { ""name"": ""Sleek gold bracelet watch"", ""description"": ""Minimalist gold watch that doubles as jewelry"", ""category"": ""women_watches"" }, { ""name"": ""Pearl dial dress watch"", ""description"": ""Sophisticated watch with a mother-of-pearl dial"", ""category"": ""women_watches"" } ] }"
"Users gender is male. I need a stylish suit for a cocktail party.","{ ""products"": [ { ""name"": ""Slim-fit navy suit"", ""description"": ""Modern, tailored navy suit for a sharp party look"", ""category"": ""men_clothing"" }, { ""name"": ""Textured gray blazer"", ""description"": ""Versatile gray blazer to pair with dress pants"", ""category"": ""men_clothing"" }, { ""name"": ""Patterned dress shirt"", ""description"": ""Eye-catching shirt to liven up a party outfit"", ""category"": ""men_clothing"" } ] }"
"Users gender is male. Looking for dressy loafers for a summer wedding.","{ ""products"": [ { ""name"": ""Suede penny loafers"", ""description"": ""Classic suede loafers in a rich brown color"", ""category"": ""men_shoes"" }, { ""name"": ""Patent leather slip-ons"", ""description"": ""Sleek black slip-on shoes for formal events"", ""category"": ""men_shoes"" }, { ""name"": ""Woven leather loafers"", ""description"": ""Textured loafers for a unique summer look"", ""category"": ""men_shoes"" } ] }"
"Users gender is male. Need a sophisticated watch for formal dinner parties.","{ ""products"": [ { ""name"": ""Slim dress watch"", ""description"": ""Elegant thin watch that slides under a dress cuff"", ""category"": ""men_watches"" }, { ""name"": ""Rose gold chronograph"", ""description"": ""Luxurious rose gold watch with chronograph function"", ""category"": ""men_watches"" }, { ""name"": ""Vintage-inspired dress watch"", ""description"": ""Classic watch design with modern reliability"", ""category"": ""men_watches"" } ] }"
"Users gender is female. I need a chic jumpsuit for a cocktail party.","{ ""products"": [ { ""name"": ""Wide-leg satin jumpsuit"", ""description"": ""Flowing satin jumpsuit for a sophisticated look"", ""category"": ""women_clothing"" }, { ""name"": ""Lace-top fitted jumpsuit"", ""description"": ""Elegant jumpsuit with lace bodice and tapered legs"", ""category"": ""women_clothing"" }, { ""name"": ""Sleeveless tuxedo jumpsuit"", ""description"": ""Tailored jumpsuit with tuxedo-inspired details"", ""category"": ""women_clothing"" } ] }"
"Users gender is female. Looking for comfortable yet stylish shoes for dancing all night.","{ ""products"": [ { ""name"": ""Low-heel dancing sandals"", ""description"": ""Sparkly sandals with a low, comfortable heel"", ""category"": ""women_shoes"" }, { ""name"": ""Cushioned dress flats"", ""description"": ""Elegant flats with extra padding for comfort"", ""category"": ""women_shoes"" }, { ""name"": ""Block heel pumps"", ""description"": ""Stable, stylish pumps for hours of dancing"", ""category"": ""women_shoes"" } ] }"
"Users gender is female. Need a watch that can transition from day to evening events.","{ ""products"": [ { ""name"": ""Versatile two-tone watch"", ""description"": ""Elegant watch combining gold and silver tones"", ""category"": ""women_watches"" }, { ""name"": ""Minimalist leather strap watch"", ""description"": ""Simple, chic watch suitable for any occasion"", ""category"": ""women_watches"" }, { ""name"": ""Interchangeable strap watch"", ""description"": ""Stylish watch with swappable straps for versatility"", ""category"": ""women_watches"" } ] }"
"Users gender is male. I need a tuxedo for a black-tie wedding.","{ ""products"": [ { ""name"": ""Classic black tuxedo"", ""description"": ""Timeless black tuxedo with satin lapels"", ""category"": ""men_clothing"" }, { ""name"": ""White dinner jacket"", ""description"": ""Sophisticated white jacket for summer formal events"", ""category"": ""men_clothing"" }, { ""name"": ""Tuxedo shirt and bow tie set"", ""description"": ""Crisp tuxedo shirt with matching bow tie"", ""category"": ""men_clothing"" } ] }"
"Users gender is male. Looking for patent leather shoes to go with my tuxedo.","{ ""products"": [ { ""name"": ""Patent leather Oxfords"", ""description"": ""Glossy black Oxfords for formal wear"", ""category"": ""men_shoes"" }, { ""name"": ""Patent leather whole-cut shoes"", ""description"": ""Sleek, seamless shoes for a refined look"", ""category"": ""men_shoes"" }, { ""name"": ""Patent leather opera pumps"", ""description"": ""Traditional formal shoes with a grosgrain bow"", ""category"": ""men_shoes"" } ] }"
"Users gender is male. Need a luxury watch to complement my formal attire.","{ ""products"": [ { ""name"": ""Gold dress watch"", ""description"": ""Sophisticated gold watch with a leather strap"", ""category"": ""men_watches"" }, { ""name"": ""Diamond-accented watch"", ""description"": ""Luxurious watch with subtle diamond hour markers"", ""category"": ""men_watches"" }, { ""name"": ""Ultra-thin dress watch"", ""description"": ""Elegant, slim watch that pairs well with formal wear"", ""category"": ""men_watches"" } ] }"
"Users gender is female. I need a formal gown for a charity gala.","{ ""products"": [ { ""name"": ""Floor-length silk gown"", ""description"": ""Elegant silk gown with a flattering silhouette"", ""category"": ""women_clothing"" }, { ""name"": ""Embellished tulle dress"", ""description"": ""Romantic tulle gown with intricate beadwork"", ""category"": ""women_clothing"" }, { ""name"": ""One-shoulder evening dress"", ""description"": ""Sophisticated one-shoulder gown in a bold color"", ""category"": ""women_clothing"" } ] }"
"Users gender is female. Looking for elegant evening sandals for a formal event.","{ ""products"": [ { ""name"": ""Crystal-embellished sandals"", ""description"": ""Glamorous high-heel sandals with crystal details"", ""category"": ""women_shoes"" }, { ""name"": ""Satin ankle-strap heels"", ""description"": ""Refined satin sandals with a delicate ankle strap"", ""category"": ""women_shoes"" }, { ""name"": ""Metallic strappy sandals"", ""description"": ""Shimmering sandals with intricate strap design"", ""category"": ""women_shoes"" } ] }"
"Users gender is female. Need a statement watch for a red carpet event.","{ ""products"": [ { ""name"": ""Diamond-studded cocktail watch"", ""description"": ""Dazzling watch covered in brilliant-cut diamonds"", ""category"": ""women_watches"" }, { ""name"": ""Colored gemstone watch"", ""description"": ""Eye-catching watch featuring vibrant precious stones"", ""category"": ""women_watches"" }, { ""name"": ""Art deco inspired watch"", ""description"": ""Vintage-style watch with geometric art deco design"", ""category"": ""women_watches"" } ] }"
"Users gender is male. I need a stylish blazer for a semi-formal party.","{ ""products"": [ { ""name"": ""Velvet dinner jacket"", ""description"": ""Luxurious velvet blazer in a rich jewel tone"", ""category"": ""men_clothing"" }, { ""name"": ""Patterned silk blazer"", ""description"": ""Eye-catching blazer with a subtle jacquard pattern"", ""category"": ""men_clothing"" }, { ""name"": ""Linen-blend summer blazer"", ""description"": ""Lightweight blazer perfect for warm-weather events"", ""category"": ""men_clothing"" } ] }"
"Users gender is male. Looking for versatile dress shoes for various party occasions.","{ ""products"": [ { ""name"": ""Cap-toe Derby shoes"", ""description"": ""Classic Derby shoes suitable for various dress codes"", ""category"": ""men_shoes"" }, { ""name"": ""Leather monk strap shoes"", ""description"": ""Stylish monk strap shoes for a modern formal look"", ""category"": ""men_shoes"" }, { ""name"": ""Suede Chelsea boots"", ""description"": ""Elegant suede boots that pair well with suits"", ""category"": ""men_shoes"" } ] }"
"Users gender is male. Need a watch that makes a statement at high-profile events.","{ ""products"": [ { ""name"": ""Skeleton dial luxury watch"", ""description"": ""Impressive watch showcasing intricate movement"", ""category"": ""men_watches"" }, { ""name"": ""Limited edition designer watch"", ""description"": ""Exclusive watch from a renowned luxury brand"", ""category"": ""men_watches"" }, { ""name"": ""Complicated chronograph watch"", ""description"": ""Sophisticated watch with multiple complications"", ""category"": ""men_watches"" } ] }"
"Users gender is female. I need outfit ideas for a rooftop cocktail party.","{ ""products"": [ { ""name"": ""Flowy maxi dress"", ""description"": ""Breezy, colorful maxi dress perfect for outdoor events"", ""category"": ""women_clothing"" }, { ""name"": ""Cropped wide-leg jumpsuit"", ""description"": ""Chic jumpsuit ideal for warm evening gatherings"", ""category"": ""women_clothing"" }, { ""name"": ""Silk camisole and high-waisted pants"", ""description"": ""Elegant separates for a sophisticated party look"", ""category"": ""women_clothing"" } ] }"
"Users gender is female. Looking for comfortable wedges for an outdoor wedding.","{ ""products"": [ { ""name"": ""Espadrille wedge sandals"", ""description"": ""Stylish wedges with a sturdy heel for grass"", ""category"": ""women_shoes"" }, { ""name"": ""Ankle-strap block heel sandals"", ""description"": ""Stable, comfortable sandals for outdoor events"", ""category"": ""women_shoes"" }, { ""name"": ""Metallic wedge pumps"", ""description"": ""Dressy wedges that won't sink into soft ground"", ""category"": ""women_shoes"" } ] }"
"Users gender is female. I need professional blouses for a corporate office.","{ ""products"": [ { ""name"": ""Silk button-up blouse"", ""description"": ""Classic silk blouse in a neutral color for versatility"", ""category"": ""women_clothing"" }, { ""name"": ""Ruffled neck chiffon top"", ""description"": ""Elegant chiffon blouse with a subtle ruffle detail"", ""category"": ""women_clothing"" }, { ""name"": ""Wrinkle-resistant dress shirt"", ""description"": ""Low-maintenance shirt for a polished look all day"", ""category"": ""women_clothing"" } ] }"
"Users gender is female. Looking for comfortable yet stylish office shoes.","{ ""products"": [ { ""name"": ""Leather block heel pumps"", ""description"": ""Classic pumps with a comfortable block heel"", ""category"": ""women_shoes"" }, { ""name"": ""Pointed-toe flats"", ""description"": ""Elegant flats suitable for all-day wear"", ""category"": ""women_shoes"" }, { ""name"": ""Loafer-style dress shoes"", ""description"": ""Professional slip-on shoes with cushioned insoles"", ""category"": ""women_shoes"" } ] }"
"Users gender is female. Need a professional watch for business meetings.","{ ""products"": [ { ""name"": ""Minimalist stainless steel watch"", ""description"": ""Sleek watch with a clean dial for a professional look"", ""category"": ""women_watches"" }, { ""name"": ""Leather strap dress watch"", ""description"": ""Classic watch with a leather band for versatility"", ""category"": ""women_watches"" }, { ""name"": ""Two-tone metal link watch"", ""description"": ""Stylish watch combining silver and gold tones"", ""category"": ""women_watches"" } ] }"
"Users gender is male. I need dress shirts for daily office wear.","{ ""products"": [ { ""name"": ""Non-iron dress shirt"", ""description"": ""Crisp, wrinkle-resistant shirt for easy maintenance"", ""category"": ""men_clothing"" }, { ""name"": ""Oxford cloth button-down"", ""description"": ""Classic Oxford shirt for a smart-casual office look"", ""category"": ""men_clothing"" }, { ""name"": ""Stretch poplin dress shirt"", ""description"": ""Comfortable shirt with added stretch for mobility"", ""category"": ""men_clothing"" } ] }"
"Users gender is male. Looking for comfortable dress shoes for long office days.","{ ""products"": [ { ""name"": ""Cushioned Oxford shoes"", ""description"": ""Traditional Oxfords with extra cushioning"", ""category"": ""men_shoes"" }, { ""name"": ""Lightweight Derby shoes"", ""description"": ""Breathable, lightweight shoes for all-day comfort"", ""category"": ""men_shoes"" }, { ""name"": ""Slip-on dress loafers"", ""description"": ""Easy-to-wear loafers with a professional look"", ""category"": ""men_shoes"" } ] }"
"Users gender is male. Need a reliable watch for timing presentations.","{ ""products"": [ { ""name"": ""Chronograph business watch"", ""description"": ""Professional watch with stopwatch function"", ""category"": ""men_watches"" }, { ""name"": ""Smart dress watch"", ""description"": ""Stylish smartwatch with notification features"", ""category"": ""men_watches"" }, { ""name"": ""Classic analog watch"", ""description"": ""Simple, easy-to-read watch for quick time checks"", ""category"": ""men_watches"" } ] }"
"Users gender is female. I need a professional suit for client meetings.","{ ""products"": [ { ""name"": ""Tailored pantsuit"", ""description"": ""Sharp, well-fitted pantsuit in a classic navy"", ""category"": ""women_clothing"" }, { ""name"": ""Pencil skirt suit"", ""description"": ""Elegant skirt suit for a traditional business look"", ""category"": ""women_clothing"" }, { ""name"": ""Modern blazer and trouser set"", ""description"": ""Contemporary suit with a slightly relaxed fit"", ""category"": ""women_clothing"" } ] }"
"Users gender is female. Looking for practical heels for commuting and office wear.","{ ""products"": [ { ""name"": ""Low heel slingbacks"", ""description"": ""Comfortable slingbacks with a modest heel height"", ""category"": ""women_shoes"" }, { ""name"": ""Memory foam pump shoes"", ""description"": ""Classic pumps with extra cushioning for comfort"", ""category"": ""women_shoes"" }, { ""name"": ""Wedge heel dress shoes"", ""description"": ""Stable, comfortable wedges for all-day wear"", ""category"": ""women_shoes"" } ] }"
"Users gender is female. Need a watch that transitions from office to evening events.","{ ""products"": [ { ""name"": ""Versatile bracelet watch"", ""description"": ""Elegant watch that pairs with both work and evening attire"", ""category"": ""women_watches"" }, { ""name"": ""Slim profile dress watch"", ""description"": ""Understated watch that complements various outfits"", ""category"": ""women_watches"" }, { ""name"": ""Rose gold multifunctional watch"", ""description"": ""Stylish watch with date and multiple time zones"", ""category"": ""women_watches"" } ] }"
"Users gender is male. I need versatile trousers for a business casual office.","{ ""products"": [ { ""name"": ""Chino trousers"", ""description"": ""Classic chinos in a range of neutral colors"", ""category"": ""men_clothing"" }, { ""name"": ""Wool blend dress pants"", ""description"": ""Comfortable wool-blend trousers for a polished look"", ""category"": ""men_clothing"" }, { ""name"": ""Stretch performance slacks"", ""description"": ""Modern slacks with stretch for ease of movement"", ""category"": ""men_clothing"" } ] }"
"Users gender is male. Looking for versatile shoes to match various office outfits.","{ ""products"": [ { ""name"": ""Brown leather brogues"", ""description"": ""Classic brogues that pair well with multiple colors"", ""category"": ""men_shoes"" }, { ""name"": ""Black cap-toe Oxfords"", ""description"": ""Timeless black Oxfords for a formal office setting"", ""category"": ""men_shoes"" }, { ""name"": ""Suede derby shoes"", ""description"": ""Versatile suede shoes for a smart-casual look"", ""category"": ""men_shoes"" } ] }"
"Users gender is male. Need a professional watch that monitors fitness during work hours.","{ ""products"": [ { ""name"": ""Hybrid smartwatch"", ""description"": ""Traditional-looking watch with hidden smart features"", ""category"": ""men_watches"" }, { ""name"": ""Fitness tracking dress watch"", ""description"": ""Elegant watch that monitors steps and activity"", ""category"": ""men_watches"" }, { ""name"": ""Multifunctional digital watch"", ""description"": ""Sleek digital watch with health monitoring features"", ""category"": ""men_watches"" } ] }"
"Users gender is female. I need lightweight blazers for a casual office environment.","{ ""products"": [ { ""name"": ""Knit blazer"", ""description"": ""Comfortable, stretchy blazer for a relaxed office look"", ""category"": ""women_clothing"" }, { ""name"": ""Linen blend jacket"", ""description"": ""Breathable linen-blend blazer for warmer weather"", ""category"": ""women_clothing"" }, { ""name"": ""Cropped cotton blazer"", ""description"": ""Versatile cropped blazer for layering over dresses or pants"", ""category"": ""women_clothing"" } ] }"
"Users gender is female. Looking for supportive flats for standing desk work.","{ ""products"": [ { ""name"": ""Ergonomic ballet flats"", ""description"": ""Supportive flats with cushioned insoles"", ""category"": ""women_shoes"" }, { ""name"": ""Orthopedic loafers"", ""description"": ""Comfortable loafers with arch support"", ""category"": ""women_shoes"" }, { ""name"": ""Cushioned slip-on sneakers"", ""description"": ""Professional-looking sneakers with extra comfort"", ""category"": ""women_shoes"" } ] }"
"Users gender is female. Need a watch with a seconds hand for nursing shifts.","{ ""products"": [ { ""name"": ""Nurse's fob watch"", ""description"": ""Traditional fob watch with clear second hand"", ""category"": ""women_watches"" }, { ""name"": ""Medical professional's wristwatch"", ""description"": ""Easy-to-clean watch with prominent second hand"", ""category"": ""women_watches"" }, { ""name"": ""Digital nurse watch"", ""description"": ""Water-resistant digital watch with large display"", ""category"": ""women_watches"" } ] }"
"Users gender is male. I need wrinkle-resistant shirts for business travel.","{ ""products"": [ { ""name"": ""Travel-friendly dress shirt"", ""description"": ""Wrinkle-resistant shirt that packs easily"", ""category"": ""men_clothing"" }, { ""name"": ""Quick-dry business shirt"", ""description"": ""Moisture-wicking shirt for comfortable travel"", ""category"": ""men_clothing"" }, { ""name"": ""Packable button-up shirt"", ""description"": ""Lightweight, crease-resistant shirt for trips"", ""category"": ""men_clothing"" } ] }"
"Users gender is male. Looking for professional shoes suitable for both office and client sites.","{ ""products"": [ { ""name"": ""All-terrain business shoes"", ""description"": ""Durable, professional shoes for various work environments"", ""category"": ""men_shoes"" }, { ""name"": ""Smart-casual hybrid shoes"", ""description"": ""Versatile shoes balancing style and practicality"", ""category"": ""men_shoes"" }, { ""name"": ""Slip-resistant dress shoes"", ""description"": ""Safe, stylish shoes for unpredictable work settings"", ""category"": ""men_shoes"" } ] }"
"Users gender is male. Need a watch that tracks time across multiple time zones for international business.","{ ""products"": [ { ""name"": ""World time zone watch"", ""description"": ""Elegant watch displaying multiple time zones"", ""category"": ""men_watches"" }, { ""name"": ""GMT business watch"", ""description"": ""Professional watch with GMT function for travelers"", ""category"": ""men_watches"" }, { ""name"": ""Digital world clock watch"", ""description"": ""Modern watch with easy time zone switching"", ""category"": ""men_watches"" } ] }"
"Users gender is female. I need professional maternity wear for the office.","{ ""products"": [ { ""name"": ""Maternity pencil skirt"", ""description"": ""Stretchy, comfortable skirt for growing bumps"", ""category"": ""women_clothing"" }, { ""name"": ""Pregnancy-friendly blazer"", ""description"": ""Adaptable blazer with room for expansion"", ""category"": ""women_clothing"" }, { ""name"": ""Maternity dress pants"", ""description"": ""Comfortable, professional trousers with stretchy waistband"", ""category"": ""women_clothing"" } ] }"
"Users gender is female. Looking for slip-resistant shoes for a business casual restaurant job.","{ ""products"": [ { ""name"": ""Non-slip loafers"", ""description"": ""Stylish loafers with slip-resistant soles"", ""category"": ""women_shoes"" }, { ""name"": ""Grip-sole ankle boots"", ""description"": ""Fashionable boots with excellent traction"", ""category"": ""women_shoes"" }, { ""name"": ""Safety-toe dress shoes"", ""description"": ""Professional shoes with hidden safety features"", ""category"": ""women_shoes"" } ] }"
"Users gender is female. I need comfortable outfits for long days on campus.","{ ""products"": [ { ""name"": ""Oversized hoodie"", ""description"": ""Cozy, roomy hoodie perfect for layering"", ""category"": ""women_clothing"" }, { ""name"": ""High-waisted leggings"", ""description"": ""Stretchy, versatile leggings for all-day comfort"", ""category"": ""women_clothing"" }, { ""name"": ""Soft jersey t-shirt dress"", ""description"": ""Easy-to-wear t-shirt dress for effortless style"", ""category"": ""women_clothing"" } ] }"
"Users gender is female. Looking for versatile sneakers to wear around college.","{ ""products"": [ { ""name"": ""Canvas low-top sneakers"", ""description"": ""Classic, comfortable sneakers that go with everything"", ""category"": ""women_shoes"" }, { ""name"": ""Knit slip-on shoes"", ""description"": ""Breathable, lightweight shoes for easy wear"", ""category"": ""women_shoes"" }, { ""name"": ""Retro-style running shoes"", ""description"": ""Trendy, cushioned sneakers for all-day walking"", ""category"": ""women_shoes"" } ] }"
"Users gender is female. Need a practical watch for keeping track of classes.","{ ""products"": [ { ""name"": ""Minimalist digital watch"", ""description"": ""Simple, easy-to-read watch with essential functions"", ""category"": ""women_watches"" }, { ""name"": ""Colorful analog watch"", ""description"": ""Fun, affordable watch to match various outfits"", ""category"": ""women_watches"" }, { ""name"": ""Fitness tracker watch"", ""description"": ""Smart watch to track time, steps, and notifications"", ""category"": ""women_watches"" } ] }"
"Users gender is male. I need casual shirts for everyday college wear.","{ ""products"": [ { ""name"": ""Graphic print t-shirt"", ""description"": ""Cool, casual tee with trendy graphic designs"", ""category"": ""men_clothing"" }, { ""name"": ""Henley long-sleeve shirt"", ""description"": ""Comfortable, layerable Henley for various weather"", ""category"": ""men_clothing"" }, { ""name"": ""Classic polo shirt"", ""description"": ""Versatile polo for a smart-casual college look"", ""category"": ""men_clothing"" } ] }"
"Users gender is male. Looking for comfortable shoes for walking around campus.","{ ""products"": [ { ""name"": ""Cushioned running sneakers"", ""description"": ""Supportive sneakers for all-day comfort"", ""category"": ""men_shoes"" }, { ""name"": ""Casual slip-on shoes"", ""description"": ""Easy-to-wear shoes for a relaxed college style"", ""category"": ""men_shoes"" }, { ""name"": ""Classic canvas sneakers"", ""description"": ""Timeless, affordable sneakers that match everything"", ""category"": ""men_shoes"" } ] }"
"Users gender is male. Need a durable watch for college life.","{ ""products"": [ { ""name"": ""Rugged sports watch"", ""description"": ""Tough, water-resistant watch for active lifestyles"", ""category"": ""men_watches"" }, { ""name"": ""Multifunction digital watch"", ""description"": ""Feature-packed watch with alarms and stopwatch"", ""category"": ""men_watches"" }, { ""name"": ""Simple analog watch"", ""description"": ""Clean, classic watch design for everyday wear"", ""category"": ""men_watches"" } ] }"
"Users gender is female. I need versatile bottoms for mix-and-match college outfits.","{ ""products"": [ { ""name"": ""High-waisted mom jeans"", ""description"": ""Comfortable, trendy jeans for casual college looks"", ""category"": ""women_clothing"" }, { ""name"": ""Stretchy jogger pants"", ""description"": ""Cozy joggers for lounging or casual class days"", ""category"": ""women_clothing"" }, { ""name"": ""Denim shorts"", ""description"": ""Classic denim shorts for warmer weather"", ""category"": ""women_clothing"" } ] }"
"Users gender is female. Looking for comfortable sandals for warm days on campus.","{ ""products"": [ { ""name"": ""Cushioned slide sandals"", ""description"": ""Easy-to-wear slides with soft footbeds"", ""category"": ""women_shoes"" }, { ""name"": ""Sporty strap sandals"", ""description"": ""Adjustable sandals for walking around campus"", ""category"": ""women_shoes"" }, { ""name"": ""Classic flip-flops"", ""description"": ""Simple, affordable flip-flops for casual wear"", ""category"": ""women_shoes"" } ] }"
"Users gender is female. Need an affordable watch for a college student budget.","{ ""products"": [ { ""name"": ""Colorful resin watch"", ""description"": ""Fun, inexpensive watch in vibrant colors"", ""category"": ""women_watches"" }, { ""name"": ""Basic digital watch"", ""description"": ""No-frills digital watch with essential functions"", ""category"": ""women_watches"" }, { ""name"": ""Minimalist faux leather watch"", ""description"": ""Simple, sleek watch with a classic design"", ""category"": ""women_watches"" } ] }"
"Users gender is male. I need layering pieces for changing classroom temperatures.","{ ""products"": [ { ""name"": ""Zip-up hoodie"", ""description"": ""Versatile hoodie for easy layering"", ""category"": ""men_clothing"" }, { ""name"": ""Lightweight cardigan"", ""description"": ""Comfortable cardigan for a smart casual look"", ""category"": ""men_clothing"" }, { ""name"": ""Denim jacket"", ""description"": ""Classic denim jacket for style and warmth"", ""category"": ""men_clothing"" } ] }"
"Users gender is male. Looking for versatile shoes to go from class to gym.","{ ""products"": [ { ""name"": ""Cross-training sneakers"", ""description"": ""Versatile shoes for various activities"", ""category"": ""men_shoes"" }, { ""name"": ""Knit athletic shoes"", ""description"": ""Comfortable, breathable shoes for all-day wear"", ""category"": ""men_shoes"" }, { ""name"": ""High-top canvas sneakers"", ""description"": ""Stylish high-tops for casual wear and light exercise"", ""category"": ""men_shoes"" } ] }"
"Users gender is male. Need a watch that can withstand college sports and activities.","{ ""products"": [ { ""name"": ""Shock-resistant sports watch"", ""description"": ""Durable watch that can handle rough activities"", ""category"": ""men_watches"" }, { ""name"": ""Waterproof fitness tracker"", ""description"": ""Versatile watch for tracking workouts and daily activities"", ""category"": ""men_watches"" }, { ""name"": ""Rugged smartwatch"", ""description"": ""Tough smartwatch with multiple sports modes"", ""category"": ""men_watches"" } ] }"
"Users gender is female. I need cute outfits for college parties and social events.","{ ""products"": [ { ""name"": ""Wrap mini dress"", ""description"": ""Flattering, versatile dress for various events"", ""category"": ""women_clothing"" }, { ""name"": ""Crop top and high-waisted skirt set"", ""description"": ""Trendy two-piece set for a fun party look"", ""category"": ""women_clothing"" }, { ""name"": ""Off-shoulder romper"", ""description"": ""Stylish romper for a comfortable yet chic outfit"", ""category"": ""women_clothing"" } ] }"
"Users gender is female. Looking for stylish yet comfortable shoes for college parties.","{ ""products"": [ { ""name"": ""Block heel sandals"", ""description"": ""Comfortable heels for dancing and socializing"", ""category"": ""women_shoes"" }, { ""name"": ""Fashionable sneakers"", ""description"": ""Trendy sneakers that pair well with dresses or jeans"", ""category"": ""women_shoes"" }, { ""name"": ""Ankle boots with low heel"", ""description"": ""Versatile boots for various party outfits"", ""category"": ""women_shoes"" } ] }"
"Users gender is female. Need a watch that doubles as jewelry for college events.","{ ""products"": [ { ""name"": ""Slim mesh strap watch"", ""description"": ""Elegant watch that looks like a bracelet"", ""category"": ""women_watches"" }, { ""name"": ""Crystal-accented watch"", ""description"": ""Sparkly watch to add glamour to outfits"", ""category"": ""women_watches"" }, { ""name"": ""Minimalist watch with interchangeable straps"", ""description"": ""Versatile watch to match different party looks"", ""category"": ""women_watches"" } ] }"
"Users gender is male. I need comfortable outfits for studying in the library.","{ ""products"": [ { ""name"": ""Soft crewneck sweatshirt"", ""description"": ""Cozy sweatshirt for long study sessions"", ""category"": ""men_clothing"" }, { ""name"": ""Relaxed fit chino pants"", ""description"": ""Comfortable yet presentable pants for public studying"", ""category"": ""men_clothing"" }, { ""name"": ""Lightweight long-sleeve tee"", ""description"": ""Layerable tee for changing library temperatures"", ""category"": ""men_clothing"" } ] }"
"Users gender is male. Looking for slip-on shoes for quick wear between classes.","{ ""products"": [ { ""name"": ""Classic slip-on sneakers"", ""description"": ""Easy-to-wear sneakers for hurried mornings"", ""category"": ""men_shoes"" }, { ""name"": ""Comfortable loafers"", ""description"": ""Casual loafers for a put-together quick look"", ""category"": ""men_shoes"" }, { ""name"": ""Slide sandals"", ""description"": ""Simple sandals for warm weather rush"", ""category"": ""men_shoes"" } ] }"
"Users gender is male. Need a watch with alarm function for early classes.","{ ""products"": [ { ""name"": ""Digital watch with multiple alarms"", ""description"": ""Practical watch with programmable alarms"", ""category"": ""men_watches"" }, { ""name"": ""Vibrating alert watch"", ""description"": ""Discrete watch with vibration alarms"", ""category"": ""men_watches"" }, { ""name"": ""Smart watch with sleep tracking"", ""description"": ""Advanced watch to optimize sleep and wake cycles"", ""category"": ""men_watches"" } ] }"
"Users gender is female. I need practical bags for carrying textbooks and laptops.","{ ""products"": [ { ""name"": ""Spacious backpack"", ""description"": ""Durable backpack with laptop compartment"", ""category"": ""women_clothing"" }, { ""name"": ""Canvas tote bag"", ""description"": ""Roomy tote for books and everyday essentials"", ""category"": ""women_clothing"" }, { ""name"": ""Convertible messenger bag"", ""description"": ""Versatile bag that switches from shoulder to backpack"", ""category"": ""women_clothing"" } ] }"
"Users gender is female. Looking for supportive shoes for walking across a large campus.","{ ""products"": [ { ""name"": ""Cushioned walking sneakers"", ""description"": ""Supportive shoes designed for lots of walking"", ""category"": ""women_shoes"" }, { ""name"": ""Ergonomic comfort flats"", ""description"": ""Stylish flats with arch support and cushioning"", ""category"": ""women_shoes"" }, { ""name"": ""Lightweight mesh running shoes"", ""description"": ""Breathable, supportive shoes for active campus life"", ""category"": ""women_shoes"" } ] }"