asin,title,summary
B000073R5V,Timberland Field Lace-Up Boot (Toddler/Little Kid/Big Kid),"Waterproof, scuff-proof leather toddler boots with padded collar, EVA footbed for cushioning, D-ring lacing, and durable outsole for traction in all conditions."
B000087S01,Timberland Field Lace-Up Boot (Toddler/Little Kid/Big Kid),"Rugged and durable Timberland toddler boots featuring scuff-proof leather, D-ring lacing, a padded collar, and an EVA footbed for cushioning. Ideal for outdoor play and everyday wear."
B0000A4FCF,zephz Butterfly Lo Cheerleading Shoe Kids,"Customize Zephz cheerleading shoes with 10 interchangeable color inserts (including zebra prints). Features include a stunt edge sole for grip, lightweight upper, and cushioned EVA midsole."
B0000A50X8,K-Swiss 801 Classic Tennis Shoe (Big Kid),"K-Swiss Classic Leather tennis shoes feature a full-grain leather upper with adjustable D-ring lacing, a breathable and odor-resistant removable insole for comfort, and a non-marking rubber sole for durability."
B0000AFSX4,"Timberland Kids' 6"" Premium Waterproof Boots for Toddlers","Kids' waterproof Timberland boots inspired by the originals, featuring durable construction and top-quality leather to protect feet in challenging conditions."
B0001YJ18M,Smoky Mountain Boots Children Mesquite Boots,"Man-made children's western boots with silver toe rand, synthetic material, plastic and rubber construction."
B0001YJ0YC,Smoky Mountain Girls' Mesquite Western Boot Round Toe - 1837C,"Stylish white synthetic leather children's boots from Smoky Mountain, featuring a Western design, durability, and comfort. Available in sizes 8.5-3."
B00020SHRG,Smoky Mountain Girls' Mesquite Western Boot Round Toe - 1837C,"Stylish Smoky Mountain Mesquite II White Boots for kids, crafted from durable synthetic leather, featuring a blend of western and modern aesthetics, available in sizes 8.5 - 3."
B00022OZV6,Smoky Mountain Girls' Mesquite Western Boot Round Toe White 1.5 D,"Full-grain leather Smoky Mountain Western Boots with round toe, rubber outsole, and western heel. Perfect for a traditional western look when paired with jeans."
B0002MB3MK,Merrell Allout Blaze Aerosport Girls Hiking Sneakers/Shoes,"Girls' hiking trainers with ventilated mesh upper for breathability, Unifly midsole for energy conversion, and Vibram outsole for traction."
B0002U1FU2,Jordan Nike Air 5 Retro (PS) Valentines Day Girls Basketball Shoes 440893-605,"The Nike Air Jordan 5 Retro (PS) ""Valentines Day"" Girls Basketball shoes, initially released in 1990, showcase Tinker Hatfield's iconic design with full grain leather, signature Jordan details, and a plastic lace lock."
B0002USCE4,Capezio Daisy 205 Ballet Shoe (Toddler/Little Kid),"Durable leather ballet slipper with chrome tanned suede outsole, pre-attached elastic strap, and wider fit designed for children. Order one size up and refer to the shoe fit guide for proper sizing."
B0002USPEQ,Capezio Toddler/Little Kid CG2002C Split Sole Ballet Shoe,"Capezio ballet shoes for girls feature a split sole with suede patches for effortless gliding and turns, and a free-floating arch for pointed toes. Made from 100% leather, they provide quality and comfort for young dancers."
B0002UUEE0,Bloch Dance Girl's Jazz Tap Tap Shoe,"Slip-on split sole tap shoe with jazz style leather upper, secured toe tap, techno heels, and elastic insert for a flexible fit. Designed with breathable fabric lining, reduced Achilles tendon pressure, and Shockwave tap plates."
B0002USBB8,Capezio Daisy 205 Ballet Shoe (Toddler/Little Kid),"Durable ballet slippers made of full leather with a soft suede sole, padded footbed, and adjustable elastic strap. Wider fit specifically for children, offering comfort and flexibility while dancing."
B0002XS4TO,New Balance Big Kid KJ574 Sneaker,"Performance-driven athletic footwear from New Balance, designed for optimal fit and support, without celebrity endorsements, focusing on innovation and quality."
B0002ZCBKA,Ugg Australia Girls-Big Kids K Classic Winter Boots,"UGG Australia's playful boots boast twin-faced sheepskin, suede heel guards, moisture-wicking insoles, and a woven logo. Its lightweight EVA outsole ensures all-day comfort. Shaft height measures 6 1/4 inches."
B000073R5V,Timberland Field Lace-Up Boot (Toddler/Little Kid/Big Kid),"Timberland Scuff Proof Field Boot for toddlers features waterproof, scuff-resistant leather, D-ring lacing, padded collar, EVA footbed for cushioning, and durable upper with a tractioned sole for stability."
B000087S01,Timberland Field Lace-Up Boot (Toddler/Little Kid/Big Kid),"Timberland Scuff Proof Field Boot for toddlers features waterproof scuff-proof leather, durable leather and synthetic upper, breathable mesh inlays, padded collar, breathable lining, and non-marking rubber outsole with lugs, providing protection, comfort, and traction for outdoor adventures."
B0000A4FCF,zephz Butterfly Lo Cheerleading Shoe Kids,"Customize Zephz cheer shoes with pick-A-color inserts for a comfortable grip, lightweight upper, cushioned midsole, and rubber outsole."
B0000A50X8,K-Swiss 801 Classic Tennis Shoe (Big Kid),"Classic leather tennis shoes for kids feature a secure fit with D-ring lacing, breathable insole, and lightweight design providing comfort and style."
B0000AFSX4,"Timberland Kids' 6"" Premium Waterproof Boots for Toddlers","Summary:

Inspired by Timberland's original boots, these waterproof kids' boots feature rugged construction and durable leather for optimal protection against outdoor elements like puddles, rain, and mud."
B0001YJ18M,Smoky Mountain Boots Children Mesquite Boots,"Children's western boots with metal toe rand made from man-made materials, featuring a pull-on closure, synthetic construction, western toe and heel, and rubber outsole."
B0001YJ0YC,Smoky Mountain Girls' Mesquite Western Boot Round Toe - 1837C,"Stylish white kids' Mesquite II boots, crafted from durable synthetic leather, blend western and modern fashion for everyday comfort in children's sizes 8.5-3."
B00020SHRG,Smoky Mountain Girls' Mesquite Western Boot Round Toe - 1837C,"Stylish Smoky Mountain Children's Mesquite II White Boots in children's sizes 8.5-3 feature a brilliant white design crafted from durable synthetic leather, perfect for everyday use and teaming with various outfits."
B00022OZV6,Smoky Mountain Girls' Mesquite Western Boot Round Toe White 1.5 D,Genuine leather Smoky Mountain Girls' Mesquite Western Boots with round toe and western heel feature a durable rubber outsole and convenient pull tabs for easy wear.
B0002MB3MK,Merrell Allout Blaze Aerosport Girls Hiking Sneakers/Shoes,"Merrell Allout Blaze Aerosport Girls Hiking Trainers are designed for speed hiking with a ventilated mesh upper for breathability, Unifly midsole for energy conversion and protection, Vibram outsole for grip, and vegan-friendly construction."
B0002U1FU2,Jordan Nike Air 5 Retro (PS) Valentines Day Girls Basketball Shoes 440893-605,"Nike Air Jordan 5 Retro (PS) ""Valentines Day"" Girls Basketball shoes feature full grain leather, plastic lace lock, WWII-inspired details, signature Jordan elements, and a rubber outsole."
B0002USCE4,Capezio Daisy 205 Ballet Shoe (Toddler/Little Kid),"Lightweight, durable leather ballet slippers with a suede sole for flexibility and a pre-attached elastic strap for snugness. Designed with a wider fit for children, order one size up from street shoe size."
B0002USPEQ,Capezio Toddler/Little Kid CG2002C Split Sole Ballet Shoe,"Classic leather ballet shoe from Capezio features a split sole with suede patches for easy gliding and turning, and a free floating arch to assist in pointing toes."
B0002UUEE0,Bloch Dance Girl's Jazz Tap Tap Shoe,"Jazz tap shoe with leather upper, resonating toe tap for sound, techno heel & toe taps, flexible elastic insert, breathable fabric lining, and heel notch for Achilles tendon relief."
B0002USBB8,Capezio Daisy 205 Ballet Shoe (Toddler/Little Kid),"Capezio Daisy ballet slippers feature a leather upper, suede sole, and a plush elastic strap for a snug fit. Designed for children, they offer a wide fit and sizing equivalent to women's shoe sizes, beginning with street shoe size."
B0002XS4TO,New Balance Big Kid KJ574 Sneaker,"New Balance prioritizes research and development and focuses on designing performance-oriented footwear for athletes, with features such as a suede and mesh construction and a durable rubber sole."
B0002ZCBKA,Ugg Australia Girls-Big Kids K Classic Winter Boots,"Fun UGG Australia boots with cozy sheepskin lining, suede heel guards, and lightweight outsole, for all-day comfort."
B0006899M6,Bloch Kids' Leotard,Girls' cotton/spandex cami leotard with thin straps and round neckline.
B000689AFW,Bloch Kids' Leotard,"Girls' thin strap leotard with a round neckline, made of 100% cotton-spandex."
B000689AAM,Bloch Kids' Leotard,Girls' thin-strap cami leotard made of cotton/spandex.
B0007D67Z2,Minnetonka Children's Beaded Moccasin Slip-on Shoes,"Child's moccasins with beaded design, Tan Suede cushion insole, packaged dimensions 8.5 x 4.7 x 3.6 inches, shipping weight 9.9 ounces."
B0007TFF4U,Merrell Jungle Moc Sport Slip On Shoe (Little Kid/Big Kid),"Classic suede slip-on shoe with M-Select GRIP for traction, padded collar, removable EVA footbed, and M-Select Fresh for odor reduction. Available in half sizes and wide widths for a perfect fit."
B0007XRHTW,Mia Kids Tori,"MIA Kids footwear provides fashionable, comfortable shoes for girls in various styles such as heels, flats, sandals, and boots, ensuring both style and wearability."
B0007ZGVUQ,Pony Little Kid/Big Kid California Mesh Running Sneaker,"Pony: A fashion athletic brand established in 1972, offering old-school replica and athletically inspired fashion shoes made from 100% leather with rubber soles."
B00080Y02Q,adidas Originals Little Kids' Superstar II Basketball Shoe,"The adidas Superstar II C is a casual shoe featuring a classic leather upper and iconic rubber shell toe, inspired by the original basketball shoe from 1969."
B000815ACO,adidas Kids' Predito TRX HG Soccer Shoe,"Adidas sneakers feature durable leather, rubber soles, and Eva insoles for comfort. The Traxion hg outsole ensures grip and longevity on hard natural or synthetic grass surfaces."
B0008GLL0O,Converse All Star Low Top Slip On Shoes Girls 2.5,Kids/Youth size 2.5 Converse run large and are imported.
B0008GNBBQ,Converse All Star Kids Slip On Shoes,"No-lace canvas slip-on with a rubber sole, traditional Chuck insole, and cotton canvas lining. Available in pink and child sizes 12 and 12.5."
B00092AA72,Adidas Big Kid's Superstar II Shoes,"Adidas Big Kid's Superstar II features a soft leather upper, rubber sole, EVA insert, and herringbone traction design."
B0009BF8SY,Willits Classic Flat (Toddler/Little Kid),"Classic Willits t-strap sandal with a double strap and perforated vamp details made with a leather upper, flexible outsole, and cushioned insole."
B0009M962W,Durango Toddler/Little Kid BT855 Boot,"Synthetic pink cowgirl boot with detailed stitching, 1.5"" heel, toe rand protection, and faux leather lining."
B0009M95YQ,Durango Toddler/Little Kid BT851 Boot,"Women's cowgirl boot with faux white leather foot and fancy stitched shaft, faux leather lining, pull straps, round toe with toe rand, cowgirl heel, imported by Durango."
B0009MC5WA,Durango Lil' Black Lizard Western Boot (Toddler/Little Kid/Big Kid),"Kids' cowboy boots with cushioned insoles, glove urethane lining and upper, metal toe rand, and PVC outsole, featuring a synthetic lizard print upper with embossed detailing."
B0009RLT04,Kenneth Cole REACTION Toddler/Little Kid Baby Cakes Too  Dress Sandal,"Youthful, trendy Kenneth Cole REACTION shoes inspired by technology, music, and pop culture. Made of 100% leather with adjustable ankle strap and rubber sole."
B0009RLUVC,Kenneth Cole REACTION Little Kid Queen Bees Sandal,"Sequined, metallic-lined sandals with adjustable buckle straps and a comfortable padded footbed, offering a dressy look with a hint of heel and a traction-enhancing rubber sole."
B0009RLU3A,Kenneth Cole Reaction Cind-R-Ella Sandal (Toddler/Little Kid/Big Kid),"Kenneth Cole REACTION Rose Fashion Sneakers feature a buckle closure, 100% synthetic construction, a lightly cushioned footbed, and a 2-inch heel."
B0009RSYTS,Kenneth Cole REACTION Toddler/Little Kid Queen Bees Too Sandal,"Youthful and trendy shoe line by Kenneth Cole featuring technology, music, and pop culture inspirations, offering stylish, versatile, and affordable shoes with features like sequin details, adjustable ankle straps, and traction-enhancing outsoles."
B0009VO3Y4,Adidas Youth F5 TRX Soccer Cleats - SZ 4.5 BLU/WHT/GRN - soccer team express footwear outdoor boots youth,"Adidas F5 TRX soccer cleats for firm ground feature a synthetic upper, asymmetrical lacing for improved ball contact, lightweight stud shape, and antimicrobial treatment."
B0009VQ38S,Adidas Youth F5 TRX Soccer Cleats - SZ 4 BLU/WHT/GRN - soccer team express footwear outdoor boots youth,"Adidas Youth F5 TRX Soccer Cleats enhance ball contact with synthetic upper, lightweight studs, and asymmetrical lacing. Anti-microbial treatment ensures freshness for fast firm-ground play."
B0009XARWY,"Columbia Little Kid/Big Kid LKBY1110 Bugabootoo Boot,Rocket/Squash,13 M Little Kid","Columbia provides high-quality outdoor gear, including waterproof footwear with Slimtech insulation for warmth down to -25°F, seam-sealed construction, and a molded outsole for traction."
B0009XKHA6,Capezio Little Kid/Big Kid Jr. Tyette 625 Tap Shoe,"Tyette tap shoe from Dance Class features flexible patent leather upper, removable ribbon, and rubber sole with taps."
B000A0EYR0,Converse Chuck Taylor Low Youth Retro Shoes,Converse CHUCK TAYLOR LOWs: timeless soft canvas sneakers with sturdy rubber soles for comfort and style.
B000A0CI6Y,Capezio Little Kid CG15 Jazz Shoe,"Capezio Jazz Ankle Child Boots feature a split-sole, Arch hugging PowerPointe Construction, forefoot patch for flexibility, and textured sole for traction."
B000A39LBG,Kenneth Cole Reaction River Float 2 Sandal (Toddler),"Stylish sandals by Kenneth Cole REACTION, featuring manmade materials, a 0.5"" heel, and trendy designs inspired by pop culture."
B000AAP5KU,Smoky Mountain Boots Children Mesquite Boots,"Quality children's Western boots with a metal toe rand, durable construction, and synthetic materials at an affordable price."
B000AARMEW,Smoky Mountain Boots Children Mesquite Boots,"Western-style children's boots with a metal toe rand, made of synthetic materials for durability and affordability."
B000B1LAXY,Dexter Junior Raquel III Bowling Shoes,"Durable man-made upper with interchangeable color cards, fully fabric-lined with padding, non-marking rubber outsole with horseshoe heel, S8 microfiber slide soles on both shoes."
B000B2NWWU,Reebok Big Kid FS Hi Sneaker,"Classic Freestyle Hi aerobic fitness trainers featuring a soft leather upper, lace-up front, two Velcro straps, padded lining, cushioned insole, and high-traction outsole."
B000B2PY6M,Merrell Sprint Jr,"Merrell Sprint Jr kangaroo shoes feature slip-lasted construction, pigskin leather upper, full-grain leather upper (60063), heavy Nylex lining, double hook and loop closure, EVA footbed, air cushion midsole, and non-marking rubber."
B000B3BAEG,adidas Originals Campus 2 Sneaker (Little Kid/Big Kid),"Comfortable and stylish adidas Originals Campus 2 sneakers feature a durable suede upper, padded collar, cushioned insole, and a textured rubber sole, specifically designed for girls."
B000B8XXAK,Polo Ralph Lauren Kids Edric Slip-On Shoe (Little Kid/Big Kid),"**Summary:**

Ralph Lauren Layette's Edric loafer is a stylish and classic slip-on shoe for boys. It features a leather upper, moc toe, penny keeper strap, leather lining, and leather outsole, providing a comfortable and sophisticated look."
B000BB7JKM,"Girls leather Euro t-bar school shoe, buckle, 2 colors, Laura2","European-made girls' flats known for quality and durability, comparable to designer brands like Elefanten, Ecco, and Stride Rite."
B000BBOCMA,Merrell Chameleon Low A/C WTPF MC53474 Hiking Shoe (Little Kid/Big Kid),"Waterproof hiking boots for kids, based on the classic Chameleon style, with M-Select DRY technology for breathability, M-Select Grip outsole for traction, and elastic laces for easy wear."
B000BEZXMA,Kenneth Cole REACTION Little Kid/Big Kid Clear Skies Thong,"Trendy and affordable shoes from Kenneth Cole REACTION, inspired by technology, music, and pop culture, featuring metallic accents and jewel embellishments."
B000BF08GA,Kenneth Cole REACTION Little Kid/Big Kid White Fever Sr. Oxford,"Kenneth Cole REACTION White Fever oxford for girls features a classic style with a smooth leather upper, easy laces, and a cushioned insole for comfort. Inspired by technology, music, and pop culture, this trendy and affordable shoe offers a positive reaction to exceptional fashion."
B000BF3BNW,Kenneth Cole REACTION Toddler/Little Kid Button-Up Too Mary Jane,"Kenneth Cole REACTION offers trendy, affordable shoes inspired by technology, music, and pop culture, featuring genuine leather construction and rubber soles."
B000BH0372,Butler Boot Over Boot (Toddler/Little Kid),"Synthetic upper waterproof boots with round toe, hook-and-loop closure, accordion entry, and slip-resistant outsole. Intended for wearing over shoes. Shaft height: 4"" from arch."
B000BI4D9K,umi Elaina B II Ballet Flat (Little Kid/Big Kid),"Funky Mary Jane featuring a two-tone stripe, cap toe, elastic strap, lightweight, flexible design, cushioned leather footbed, and a 0.25"" heel. Handcrafted with European inspiration for comfort and healthy feet."
B000BLEVTE,carter's Shotgun Lace Up Strap Dress Shoe (Toddler/Little Kid),"Durable duck-boot style boots with lace-up and hook-and-loop closure, padded lining, cushioning footbed, shock-absorbing midsole, and textured outsole for secure and comfortable wear for active toddlers."
B000BMNHW0,Jessica Simpson Kids' Fabiana Wedge,"Open toe wedge sandal with adjustable ankle strap, made of polyurethane with a synthetic sole, featuring a 2.5"" heel, 1.25"" platform, cork sole, and open toe and back for breathability."
B000BMMKN2,Lamo Kid Sequin Fashion Pull On Boot (Little Kid/Big Kid),"Sequined suede boots with faux fur lining, rubber sole, and comfort outsole."
B000BNI6HK,Sperry Ivyfish Boat Shoe (Little Kid/Big Kid),"Sperry Ivyfish: fashionable and functional girls' flats, ideal for both water activities and back-to-school style."
B000BNT0IE,"Nanette Lepore Girls Rhinestone Glitter Dress Sandals (Little Kid, Big Kid)","Glitter dress sandals designed with rhinestones and adjustable side buckles for comfort and style, available in two colors for various outfits."
B000BOFDEI,Timberland Back Road Hiking Boot (Big Kid),"Durable, waterproof, leather hiking boot with padded collar, rustproof hardware, and traction outsole. Made in USA or imported, with a 5 x 5 x 0.7 inch dimension."
B000BX1KDW,"STORMTRACKS 11614.07 Child's Boot, Size 07, Black/Tan","High tensile strength, 100% durable rubber product with a comfortable fit."
B000BXTX68,Merrell Jungle Moc JR (Toddler/Little Kid),"Merrell Jungle Kids' Slip-On:
- Easy slip-on design with elastic panels for a snug and comfortable fit.
- Durable suede upper and sticky rubber outsole provide grip on various terrain.
- Air Cushion midsole for long-wearing comfort and Nylex lining for moisture control."
B000BYDXYU,Columbia Little Kid/Big Kid Magneto Sneaker,"Columbia's outdoor footwear features durable leather construction, enhanced support, and a non-marking Omni-Grip outsole with a unique cleat pattern for optimal traction."
B000BYH8GY,Columbia Little Kid/Big Kid Castle Point Sandal,"Columbia's performance footwear offers optimal functionality and style with advanced technologies and durable materials. Its water-resistant design, adjustable straps, comfort footbed, and non-marking grip sole enhance versatility and comfort for outdoor activities."
B000BZ8O5C,Columbia Little Kid/Big Kid Chismo Slip-On,"Columbia footwear combines high-quality materials with advanced technologies for innovative and affordable outdoor performance gear. Features include synthetic nubuck and mesh upper, comfortable footbed, and Omni-grip non-marking outsole."
B000C41T6I,Speedo Little Little Kid/Big Kid Surfwalker Pro Water Shoe,"Comfortable slide sandals from Speedo with a seaweed message footbed, featuring a quick-drying stretch jersey and mesh upper, rubber outsole with traction, and an EVA insole for cushioning. Suitable for beach, pool, shower, or casual wear."
B000C41UDA,Speedo Surfwalker Pro Water Shoe (Toddler),"Durable, easy-on water shoes with four-way stretch upper, hook-and-loop closure, S-TRAC traction outsole, and heel pull loop."
B000C4UMJI,adidas Calissage Slide (Little Kid/Big Kid),"**Summary:**

adidas, a leading sports brand, offers a range of footwear and apparel for various sports, including basketball, soccer, fitness, adventure, and golf. Their products feature innovative designs for optimal performance and comfort."
B000C4WIKY,adidas Big Kids' Snare Alternate Closure Running Shoe,"**Summary:**

Adidas, known for its dedication to athlete performance, offers a premium range of shoes, apparel, and accessories for various sports. This specific product features 100% leather construction, a breathable mesh underlay, Adifit length-measuring tool for precise sizing, and advanced cushioning technologies for comfort and efficiency."
B000C50F5S,adidas Kids' Superstar 2G Light Basketball Shoe,Athletic basketball shoes designed for girls by adidas.
B000CRBDRA,Skechers Little Kid/Big Kid Journey Girl-Artisan Sandal,"Skechers Sport sandal for kids: closed toe, adjustable strap, durable, lightweight, protective toe wrap, 100% synthetic with rubber sole."
B000CRF60A,Skechers Little Kid/Big Kid Heatwaves-Fruitcakes Sandal,"Skechers, a leading footwear brand, offers a 100% leather three-point thong sandal with fun designs, durable outsole, and comfort EVA construction for prolonged comfort."
B000CRHAVI,Skechers Little Kid S Lights-Stamina Sandal,"Skechers, an award-winning footwear brand, offers a range of high-quality, affordable shoes designed for trend-conscious individuals. Their diverse product line features leather boots with rubber soles, lighted uppers, rugged tread patterns, contoured footbeds, and adjustable straps."
B000E1236E,FASHION ZIGGY,"Water-resistant snow boot with nylon uppers and synthetic materials, weighing 1 pound."
B000E48D4W,Western Chief Ladybug Rain Boot (Toddler/Little Kid/Big Kid),"Western Chief Kids provides durable and fun shoes, accessories, and slippers for children, designed for all weather conditions with features like moisture absorption and heavy-duty soles."
B000E48DFQ,Western Chief Dalmatian Rain Boot (Toddler/Little Kid/Big Kid),"Whimsical Dalmatian rainboot with waterproof upper, skid-resistant sole, moisture-wicking lining, and easy-on handles for comfort and safety during outdoor play."
B000E48D0Q,Western Chief Leopard Print Rain Boot (Toddler/Little Kid/Big Kid),"Western Chief Kids offers weather-resistant footwear and accessories with fun designs, including slippers for indoor wear. Features include rubber construction, waterproof uppers, skid-resistant outsoles, and moisture-absorbing cotton lining."
B000E4AFUW,Western Chief Frog Rain Boot (Toddler/Little Kid/Big Kid),"**Summary:**

Western Chief offers a range of weatherproof children's shoes and accessories featuring bright designs and moisture-wicking materials. Built for all seasons, these products provide comfort indoors and outdoors, with non-slip outsoles and easy-on handles for convenience."
B000E4AG4W,Western Chief Frog Rain Boot (Toddler/Little Kid/Big Kid),"Western Chief provides a range of children's footwear and accessories designed for various weather conditions, featuring waterproof uppers, skid-resistant outsoles, and moisture-wicking linings."
B000E8H0HY,NIKE Kid's Free RN Flyknit GS Running Shoes,Nike Kid's Free RN Flyknit sneakers in fire pink and grand purple for boys.
B000EIVJXA,Keds Little Kid/Big Kid Allison Sneaker,"Keds, America's first athletic footwear brand since 1916, combines classic athletic style with stretch synthetic material, rubber soles, and intricate details like stitching, perforations, and a sparkle mesh collar."
B000EIZ6VQ,Keds Little Kid/Big Kid Dolce Ballet Flat,"Keds, established in 1916, are classic sneakers known for their athleticism and style. The shoes feature a printed sateen upper, rubber sole, and a contrasting ribbon and bow detail with a cute strawberry print."
B000EIZ6QG,Keds Toddler Katie Mary Jane,"Classic Keds sneakers, first introduced in 1916, feature 100% leather material, rubber soles for traction, floral strap detail, and Velcro closure, maintaining their legacy as a blend of athleticism and style."
B000EJ0MA0,OshKosh B'Gosh Jilt-2G-13 Sneaker (Toddler/Little Kid),Glittery patterned children's sneaker with a rubber sole.
B000ER5SBA,Keds Toddler Champion Toe Cap Sneaker,"Keds, introduced in 1916 as the ""sneaker,"" is a classic athletic and lifestyle footwear brand. Worn by notable athletes and fashion icons, Keds shoes feature leather or canvas uppers, rubber soles, cotton terry lining, and a rubber toe cap."
B000EWGNUU,"Fila Toddler Original Fitness Shoe,Castlerock/Black/Prince Blue,11 M US","Fila running shoes provide lightweight cushioning and comfort on all surfaces, combining athletic style with casual versatility."
B000EYBGAA,Fila Kids' GALLACTIC Skate Shoe,"Fila kid's running shoes feature a breathable mesh and leather upper, a cushioned and shock-absorbing midsole, and a durable rubber outsole for traction."
B000F4XB6Q,TSUBO Little Kid/Big Kid Lynx Mary Jane,"Tsubo, a fashion-forward shoe brand, offers high-quality Mary Jane sandals with unique cushion oval bubbles strategically placed for optimal comfort at pressure points on the foot. Made with nylon and a rubber sole, these sandals feature an adjustable hook-and-loop fastener."
B000F7OWUM,adidas Little Kid/Big Kid Blindside 2 Basketball Shoe,"Adidas, renowned for excellence in sports, offers a range of products including shoes, apparel, and accessories tailored to various sports like basketball, soccer, fitness, and adventure. Features include synthetic leather, rubber sole, Adiprene insert for comfort and shock absorption, molded EVA insole for anatomical comfort, lightweight cushioning, and a non-marking herringbone outsole for optimum traction."
B000F7QZ70,adidas Kids' Whiz Kid Basketball Shoe,"**Summary:**
The adidas Whiz Kid basketball shoe offers optimal support and fit, featuring an adiFIT® measuring tool, mid-cut design, lightweight synthetic leather upper, cushioning EVA midsole, TPU arch and forefoot shank, and durable adiWEAR® outsole."
B000F7SZIM,adidas Little Kid/Big Kid Blindside 2 Basketball Shoe,"Adidas, renowned for crafting high-quality sports gear, offers a range of shoes, apparel, and accessories for various activities including basketball, soccer, fitness, and golf. This particular product features 100% leather construction, a rubber sole, Adiprene cushioning, a molded EVA insole, and a herringbone pattern outsole for enhanced traction."
B000F7QZ7K,adidas Big Kids' Whiz Kid Basketball Shoe,"Adidas sneakers made of 100% leather with features including a measuring inlay for fit accuracy, lightweight cushioning, arch and forefoot support, and a durable outsole with optimal traction."
B000FAG892,NIKE Free Rn (Big Kid),"Nike Free Run sneakers provide lightweight, breathable comfort with a flexible, tri-star outsole that mimics the natural running stride."
B000FD7CMG,"Saxon Girls Equileather Zip Front Boots, Black, Child Size 10","Saxon® Ladies' Equileather Paddock Boots:
Waterproof, low-maintenance, and 100% washable Equileather paddock boots with sturdy rubber soles and YKK zipper, ideal for schooling and leisure riding."
B000FDAZDY,Polo by Ralph Lauren Little Kid/Big Kid Alps Girl's Boots,"Polo Ralph Lauren children's footwear offers stylish and classic options ranging from slip-ons and boat shoes to sneakers and casual wear, featuring premium materials, meticulous detail, and ranges from toddler sizes with back straps to larger sizes without."
B000FIFZ5W,Stride Rite Toddler Jungle Gym Hook-And-Loop Shoe,"Stride Rite crafts quality children's footwear tailored for growing feet, featuring leather-mesh construction, a contoured sole for comfort and stability, a natural walking motion system, and convenient hook-and-loop closure."
B000FIFZRU,Stride Rite SRT Baby Guppy Fisherman Sandal (Infant/Toddler),"Stride Rite's baby fisherman sandals, designed for first walkers, feature leather construction, a rubber sole, and a cradled footbed for support and comfort. They incorporate a Center Stride path and contoured landing pad for stability and traction."
B000FIJHC4,Stride Rite Infant/Toddler Abigail Dress Shoe,"Stride Rite's high-quality baby dress Mary Jane shoes are crafted from patent and fullgrain leather, featuring a flexible outsole and comfort footbed for young explorers."
B000FIJW7O,Stride Rite Infant/Toddler Abigail Dress Shoe,"Stride Rite designs and engineers innovative footwear specifically for children's growing needs, aiming to empower their confidence and promote healthy development since 1919."
B000FIJRZG,Stride Rite Infant/Toddler Katy Stage 3 Shoe,"Stride Rite's first walker shoes feature leather construction, a rubber sole, and a cradled footbed for natural walking motion, stability, and comfort. The center stride path and contoured landing pad enhance traction, while the padded collar keeps feet cozy. Available in different widths."
B000FIJSL4,Stride Rite Little Kid/Big Kid Ashley Hook-And-Loop Shoe,"Stride Rite's expertly designed footwear for children features durable leather construction, a secure hook-and-loop closure, and antimicrobial lining, promoting foot growth and confidence in every stride."
B000FINNH4,Stride Rite Infant/Toddler Popsicle Sandal,"Stride Rite's quality kids' shoes prioritize comfort and support for growing feet, featuring leather construction, adjustable fit, and a padded collar."
B000FINNUQ,Stride Rite Little Kid Popsicle Sandal,"Stride Rite designs children's shoes with 85+ years of experience, featuring leather construction, padded collars, double adjustability, and comfort footbeds, available in various widths."
B000FIP12E,Stride Rite Infant/Toddler Monterey Sandal,"Stride Rite Monterey Sandals:
- Classic closed-toe sandals for toddlers
- Flexible leather upper, padded collar for comfort
- Rubber outsole for durability and traction
- Hook-and-loop adjustable strap, available in various widths"
B000FIP732,Stride Rite Little Kid Karly Light-up Shoe,"Stride Rite designs footwear for children, using over 85 years of experience to create shoes that encourage kids to explore and express themselves while supporting parents with functional features."
B000FINOVO,Stride Rite Infant/Toddler Groov'n Stage 3 Shoe,"Stride Rite's first walker shoes, trusted for over 85 years, are crafted with 100% leather and a rubber sole for durability and comfort. Features include a motion-enhancing footbed, center stride path, contoured landing pad, and protective toe cap."
B000FIQ9I4,Stride Rite Little Kid Beatrix Shoe,"Stride Rite crafts footwear tailored to children's needs, featuring premium leather construction, soft lining, and a rubber sole. These T-strap dress shoes offer comfort and style with a classic European design. Available in various widths to ensure a perfect fit."
B000FIQHE0,Stride Rite Little Kid/Big Kid Monterey Sandal,"Stride Rite designs sandals tailored to children's needs, featuring leather construction, rubber soles, padded collars, adjustable straps, classic fisherman styling, customizable widths, all backed by 85 years of expertise."
B000FIQLZ0,Stride Rite Infant/Toddler Sportie Slip-On Stage 2 Shoe,"Stride Rite designs children's footwear specializing in prewalkers for cruising and balance during transition from crawling to walking, with leather and mesh construction, rubber sole, and protective toe and heel."
B000FIQYUW,Stride Rite Kid's Murphy Stage 3 Lace-Up (Toddler),"Playful, two-tone casual shoe with Stride Rite's Natural Motion System for barefoot-like walking, providing flexibility, stability, and traction for young walkers. Leather upper and rubber sole ensure durability and comfort. Available in widths."
B000FIQZUQ,Stride Rite Toddler Ashley Lace-Up,"Stride Rite's children's shoes are designed with 85 years of expertise, focusing on meeting growing children's needs through features like athletic design, secure lace-up entry, and breathable sock lining, available in various widths."
B000FIR51Y,Stride Rite Infant/Toddler Scooter Stage 2 Shoe,"Stride Rite's prewalker shoes, designed for children between crawling and walking, feature full-grain leather, a rubber sole, Natural Motion System for balance, a contoured landing pad for stability, toe and heel protection, and various width options."
B000FISGZS,Stride Rite Toddler/Little Kid Angler Sandal,"Versatile fisherman sandal for children, featuring a closed toe for protection, a leather upper for comfort, an adjustable strap for a secure fit, and a durable rubber outsole for traction."
B000FITNRS,Stride Rite Little Kid Audrey II Dress Shoe,"Stride Rite offers premium children's footwear for over 85 years, designed to support and encourage their active lifestyles. Featuring durable patent leather construction, secure swivel straps, flexible outsoles, and available in various widths, these shoes prioritize comfort, versatility, and support for growing feet."
B000FITRW4,Stride Rite Little Kid/Big Kid Sunfish Sandal,"Stride Rite's durable kids' shoes with safety features, comfort padding, and adjustable straps, designed for growing feet since 1919."
B000FITIDW,Stride Rite Toddler TT Anna Mary Jane,"Durable and supportive Stride Rite children's shoes with leather construction, air-cushioned heels, flexible grooved pads, non-marking outsoles, and adjustable hook-and-loop closures."
B000FITHQ0,Stride Rite Little Kid TT Turbo Hook-And-Loop Shoe,"Stride Rite kids' shoes are designed for growing children with features like leather and mesh construction, rubber soles, heel air bladder for cushioning, flexible and traction-enhancing pads, non-marking outsoles, athletic design, and hook and loop enclosure. Available in different widths, these shoes aim to support and encourage children's physical activities with confidence."
B000FITIQE,Stride Rite Little Kid/Big Kid Ashley Slip-On,"Stride Rite athletic shoes for kids are designed with 85 years of experience to encourage confidence and playfulness. Made with 100% leather, rubber soles, and a slip-on entry, they prioritize foot health and convenience. Available in different widths to ensure the perfect fit."
B000FIVN5S,Stride Rite Infant/Toddler Guppy Stage 3 Sandal,"Stride Rite's classic fisherman sandals for first walkers offer leather construction, a rubber sole, and a Cradled footbed for enhanced natural walking motion. Features include a center stride path and contoured landing pad for comfort, stability, and traction, and a Natural Motion System outsole designed for early mobility. Available in various widths."
B000FIVNS0,Stride Rite Little Kid/Big Kid Dara Novelty Jewel Sandal,"Stride Rite designs children's footwear for growing needs with a secure adjustable ankle strap, a low heel, and a flexible outsole for added comfort."
B000FJD89G,Stride Rite Toddler Relay Stage 3 Shoe,"Stride Rite's first-walker shoes feature fullgrain leather construction, rubber soles, and a cradled footbed for natural gait. Designed with a center stride path, contoured landing pad, and flex grooves for comfort, stability, and traction. The Natural Motion System outsole supports early walkers. Available in widths."
B000FNLFH4,Lelli Kelly Toddler/Little Kid Alison Hook-And-Loop Sneaker,"Lelli Kelly, a high-end kids' brand known for its Italian design and luxurious products, offers shoes with intricate hand beading, leather construction, and durable rubber outsoles. The brand aims to empower young girls through fashion and provide a full range of lifestyle products."
B000FNLETS,Lelli Kelly Toddler/Little Kid Etoile Dolly Elastic Strap Sneaker,"Lelli Kelly, a premium Italian girls' brand, offers exclusive designs and high-quality products that empower girls to embrace their femininity. Their wide range includes beaded canvas footwear with non-skid soles, ensuring comfort and style for every little girl."
B000FNPMX2,Lelli Kelly Toddler/Little Kid Julie Lace-Up Hi Top Sneaker,"Exclusive Italian-designed girls' lifestyle brand, Lelli Kelly, offers a playful hi-top sneaker featuring intricate hand-beaded canvas, floral embellishments, a durable rubber sole, and easy side zipper for comfort and style."
B000FNRQBS,Lelli Kelly Toddler/Little Kid Brianna Slip-on,"Cute and durable girls' skimmer featuring exclusive Italian designs and intricate beadwork, with a flexible rubber outsole and secure elastic strap."
B000FOMPKE,Skechers Little Kid/Big Kid Sensors-Lickety-Split Sneaker,"Trendy and comfortable Skechers hook and loop sneakers feature high-quality leather, mesh lining, rubber sole, and lightweight design."
B000FPGXYC,Geox Little Kid/Big Kid Toy 1 Mary Jane,"Geox children's shoes offer breathable rubber-soled technology that keeps feet dry and comfortable, featuring a perforated sole, adjustable strap, durable outsole, and Respira breathable footbed."
B000FPGXW4,Geox Little Kid/Big Kid Bike 1 Sandal,"Geox shoes feature a patented breathable rubber sole for all-day comfort, allowing feet to breathe while protecting them from moisture, ideal for health-conscious consumers."
B000FPM19S,Geox Little Kid/Big Kid Liu 1 Shoe,"Geox shoes feature a patented breathable sole that wicks away sweat while protecting feet from moisture. Designed for comfort, these synthetic 100% rubber-soled shoes have a molded outsole and synthetic lining, and come with a double hook and loop closure for a secure fit."
B000FPM1I4,Geox Little Kid/Big Kid Eagle 1 Sandal,"Geox shoes feature a perforated rubber sole to promote breathability, keeping feet dry and comfortable. Made from leather with a synthetic lining, these shoes have a hook-and-loop closure and a contoured insole for added support. The Respira breathable footbed absorbs sweat and expels moisture, providing a comfortable fit."
B000FRSDJI,Dance Class B601 Leather One Piece Ballet (Little Kid/Big Kid),"Dance Class One Piece Ballet Shoes crafted with premium leather and suede offer optimal comfort, support, and flexibility for all ballet dance needs."
B000FRSH4Y,Dance Class B411 Leather Ballet/Split Sole (Little Kid/Big Kid),"Dance Class Leather Ballet/Split Sole Shoes are crafted from soft full-grain leather with a hand-stitched suede split sole for flexibility. They feature elastic drawstrings, attached elastic straps, and suede/cotton linings for comfort."
B000FRSGPE,Dance Class T100 Flexible Tap Shoe (Toddler/Little Kid),"Flexible patent leather tap shoe with reinforced rubber sole, attached taps, and removable ribbon. Classic styling, street shoe sizing, and comfort for dance performances."
B000FRU43G,Dance Class B501 Leather One Piece Ballet (Toddler/Little Kid),"Dance Class One Piece Ballet Shoe: Soft leather ballet slipper with elastic strap, drawstring tie, and suede sole for flexibility and comfort."
B000FRSGSQ,Dance Class J101 Leather Jazz (Little Kid/Big Kid),"Soft leather jazz shoe with lace-up closure and split rubber sole for comfort and stability. Made from high-quality leather, cotton lining, and EVA sole patch. Fits true to street shoe size."
B000FRU7IS,Dance Class J100 Leather Jazz (Toddler/Little Kid),"Leather jazz shoe with a glove leather upper, split rubber sole, cotton lining, and EVA sole patch. Features a tie closure, sturdy heel counter, and street shoe sizing. Dimensions: 5 x 5 x 0.7 inches, weight: 2.2 pounds."
B000FRU7TM,Dance Class B410 Split-Sole Ballet Shoe (Toddler/Little Kid),"Full-grain leather ballet flats with split-suede sole, elastic tie, and gored instep strap for flexibility, support, and comfort."
B000G251CE,Sperry Top-Sider Toddler/Little Kid Cutter Lace Boat Shoe,"Classic lace-up boat shoe by Sperry Kids features handsewn construction, rustproof eyelets, padded comfort, and a siped outsole for traction."
B000G251ZQ,Sperry Top-Sider Cutter Hook-And-Loop Boat Shoe (Toddler/Little Kid/Big Kid),"Classic leather boat shoe with hook-and-loop closure for a secure fit, featuring hand-sewn construction for comfort and style, and a siped outsole for added traction."
B000G3YVC4,Nike Sideline III Insert - Nike,"Low-cut Nike Sideline III Inserts provide support and flexibility with a synthetic leather and mesh upper, Phylon midsole, and non-marking rubber outsole. Customize with color slides for team branding."
B000G3UDZS,NIKE Kids JR Mercurial Vortex III Fg Black/White Electric Green Soccer Cleat 3.5 Kids US,"Mercurial FG football boots are designed for explosive players demanding speed, acceleration, and unpredictability on firm ground. The synthetic upper with raised grooves enhances ball control and touch, while the low-profile front improves shot accuracy."
B000G488GS,Nike Air Max 2014 (GS) Girls Running shoes,"Flexible Air Max running shoe with a supportive upper, maximum cushioning, and lightweight, conforming foam for breathability and foot support."
B000G5TNPM,Harley-Davidson Little Kid/Big Kid Harness Boot,"Harley-Davidson Footwear:
- Performance-oriented riding, post-riding, and streetwear.
- Features the iconic Harley-Davidson logo and design elements.
- 100% synthetic material with rubber sole."
B000G5VFSK,Harley-Davidson Unisex Little Kid/Big Kid Full Throttle Boot,"Harley-Davidson footwear boasts a smooth upper, full-length cushion lining, and rubber outsole. Crafted with PU and cement construction, it delivers both comfort and style."
B000GABZUS,Merrell Kids Womens Hilltop Ventilator Mid (Little Kid/Big Kid),"Lace-up hiking shoes with leather and mesh upper, soft lining and footbed, and rubber outsole, designed for comfort and style."
B000GANRL8,Kids' Heritage Western Western Boot,"Summary:

Ariat Western boots for children feature a durable leather upper, classic stitching details, a cushioned booster bed for comfort, and a treaded outsole for traction."
B000GC7F7S,Deer Stags Brian Slip-On Dress Comfort Shoe (Toddler/Little Kid/Big Kid),"Stylish and comfortable Deer Stags ""Brian"" boys' dress shoes feature a classic moc-toe design, no-lace convenience, and elastic goring for a customizable fit. Made with durable simulated leather, they are easy to clean and perfect for formal occasions."
B000GC9FQM,Deer Stags Gabe Lace-Up Dress Shoe (Toddler/Little Kid/Big Kid),"Stylish Oxford dress shoe for boys with comfortable full laces, black leather upper, and S.U.P.R.O. orthotic for maximum comfort."
B000GC9E9K,Deer Stags Brian Slip-On Dress Comfort Shoe (Toddler/Little Kid/Big Kid),"Deer Stags' ""Brian"" slip-on dress shoes for boys provide comfort and style with their no-lace design, elastic goring, and simulated leather upper. Ideal for formal occasions, they feature a moc-toe stitch and classic square toe."
B000GFJWJY,K-Swiss 51277 Classic VLC Tennis Shoe (Little Kid),"Kids' K-Swiss Classic VLC leather and synthetic shoe featuring a five-stripe design, three-piece toe, VELCRO closure, elastic laces, and a durable drag guard."
B000GHA0X4,Durango Lil' Pink N Chrome BT568 Western Boot (Toddler/Little Kid/Big Kid),"Pink Rhinestone Western Boots for girls feature a durable synthetic leather upper, fancy stitching, pull tabs and cushioned insole for comfort. The removeable rhinestone strap, cowboy heel and PVC outsole complete the stylish design."
B000GW5G9W,Florsheim Kids Kennett JR Saddle Shoe (Toddler/Little Kid/Big Kid),"Modern leather saddle oxford with perforated brogue trim and slight heel, crafted by Florsheim, featuring a vibrant color pop for a dapper look."
B000H86V12,Stride Rite Little Kid/Big Kid Crystaluna Scarlett Mary Jane,"Stride Rite children's shoes prioritize comfort, support, and style, featuring premium leather, rubber soles, embellished designs, and removable charms."
B000H86XMY,Stride Rite Toddler Heidi Mary Jane Shoe,"Stride Rite specializes in kids' footwear designed for growth, comfort, and expression. The featured shoes are made of leather and suede, with a rubber sole, low profile outsole, and adjustable strap for a secure fit."
B000H887YG,Stride Rite Little Kid/Big Kid Heidi Mary Jane,"Stride Rite's Katelyn Mary Jane shoes for preschoolers feature a comfort memory foam footbed, anti-stink lining, reinforced toe, and traction pods for safety. Crafted from leather and suede with a rubber sole, these shoes provide a secure fit with their hook-and-loop closure and offer non-marking outsoles with flex grooves for comfort."
B000H87VIO,Stride Rite Toddler Spire Lace-Up,"Stride Rite children's shoes are designed with features to support growing feet, including breathable materials, odor control, and a secure fit. With over 85 years of experience, Stride Rite aims to empower children with footwear that encourages movement and self-expression."
B000H884DK,"Stride Rite Infant/Toddler Eliza Stage 3 Mary Jane,Black,7.5 M US Toddler","Stride Rite's footwear, designed for children's growing needs, encourages confidence through quality craftsmanship and years of experience in supporting young adventurers."
B000H89OAW,Stride Rite Toddler Jillian Mary Jane,"Stride Rite's children's shoes are designed for comfort and support, featuring leather construction, rubber sole, padded collar, flexible outsole, and hook-and-loop closure."
B000H89OFM,Stride Rite Little Kid/Big Kid Jillian Mary Jane,"Stride Rite's Jillian mary jane shoes for girls feature leather uppers, a velcro closure, and a molded rubber outsole. Designed for comfort with a padded collar, flexible outsole, and secure fit, they're engineered by Stride Rite with over 85 years of experience in children's footwear to support growing feet."
B000H89UXI,Stride Rite Little Kid/Big Kid Crystaluna Scarlett Clog,"Stride Rite children's shoes prioritize children's needs and support their adventures, featuring a leopard print upper, charm-adorned strap, and a rubber sole."
B000H89PZG,Stride Rite Toddler/Little Kid Tia Clog,"Stride Rite designs and engineers children's footwear with features tailored for growing feet and active play. Their shoes feature comfortable uppers, flexible outsoles, and playful details like bows, tassels, and fringe."
B000H885ES,Stride Rite Little Kid Johanna Mary Jane,"Stride Rite designs children's shoes for comfort and developmental support, featuring suede material, crepe soles, and customizable closures adorned with butterfly and flower appliques."
B000H8AJR4,Willits Women's Cheer Saddle,"Classic cheer saddle with flexible construction for versatility, full-grain leather upper, padded collar for comfort, and non-marking outsole."
B000H8BO0A,Stride Rite Little Kid/Big Kid Crystaluna Scarlett Mary Jane,"Stride Rite children's shoes are designed to meet the needs of growing feet, featuring fullgrain leather construction, rubber soles, trendy linings, removable charms, and unique upper embellishments."
B000H8BLOE,Stride Rite Little Kid/Big Kid Felicity T-Strap,"Stride Rite, a renowned footwear brand since 1919, offers children's shoes designed to support their growth and adventures. These shoes feature comfortable suede and mesh construction, flexible rubber soles, and a secure hook and loop closure."
B000H8KFDW,Girls Costume Boot Tops - Child Std.,"White vinyl Girls Costume Boot Tops that give shoes the look of go-go boots for costume and dress-up. One size, fits smaller children with a 6-inch foot length, 4-inch wide calf, and 11.5-inch top to bottom measurement."
B000H8UHL2,Stride Rite Infant/Toddler Sportie Slip-On Stage 2 Shoe,"Stride Rite's prewalker shoes, made with a leather and mesh combination, a Natural Motion System, a contoured landing pad, and a protective outsole, are designed to support children during the transition from crawling to walking. They come in different widths and measure 15 x 12 x 4 inches, weighing 2 pounds."
B000HDHM60,cobian Lil Neon Nias Lighted Sandal (Toddler/Little Kid/Big Kid),"Charming sandal with padded footbed for comfort, thin synthetic strap, and rubber sole."
B000HHHE9G,"STORMTRACKS 11714.06 Youths' Boot, Size 06, Black/Tan","Stormtracks Youths' Rubber Boot in Black/Tan, Size 06, featuring high tensile strength, durability, and comfortable fit."
B000HHM51S,"STORMTRACKS 11614.07 Child's Boot, Size 07, Black/Tan","High tensile strength, 100% durable rubber product with comfortable fit."
B000HHUQEQ,Kenneth Cole REACTION Little Kid/Big Kid High Jump Hook-And-Loop Shoe,"Kenneth Cole REACTION athletic-inspired sneaker featuring leather construction, criss-cross strap closure, and sharp contrast stitching."
B000HHXI82,Kenneth Cole REACTION Little Kid/Big Kid Bright Day Ballet Flat,"Kenneth Cole REACTION sneakers feature a contemporary design inspired by technology, music, and pop culture. Made from leather and fabric with a rubber sole, they include bead detailing, a leather lining and footbed, and a buckle strap."
B000HHZCIG,Kenneth Cole REACTION Tie-Spy Oxford (Toddler/Little Kid/Big Kid),"Modern, casual dress oxford for boys by Kenneth Cole. Features box toe for foot space and padded collar for comfort. Part of the REACTION line, inspired by technology, music, and pop culture. Leather upper, rubber sole."
B000HQGMUE,Nine West Little Kid/Big Kid Gilmore Wedge Penny Loafer,"Nine West Kids provides stylish footwear for girls aged 5-11, featuring fashionable designs that reflect current trends and allow them to express their individuality."
B000HQIN7E,Nine West Little Kid/Big Kid Abby Boot,"Trendy footwear for fashion-conscious girls ages 5-11, featuring cool styles, zip-up closure, and a 1 1/2"" heel."
B000HQIS9W,Nine West Little Kid/Big Kid Kimby Sneaker,"Trendy footwear for fashion-conscious girls ages 5-11, featuring stylish designs with leather construction, rubber soles, logo detailing, and comfortable padding."
B000HQIVJE,Nine West Little Kid/Big Kid Klair T-Strap Dress Pump,"Trendy and stylish footwear for fashion-conscious girls ages 5-11, featuring adjustable buckles, bow details, and supportive wide heels"
B000HQGS7G,Nine West Little Kid/Big Kid Happie Loafer,"Nine West Kids' stylish footwear for girls ages 5-11 features leather construction, rubber soles, moc-toe stitching, and vamp rhinestones. The slip-on design provides easy wearability."
B000HQGQYQ,Nine West Little Kid/Big Kid Russo Sneaker,"Nine West Kids offers stylish and comfortable athletic-inspired shoes for fashion-forward girls ages 5-11, featuring leather construction, rubber soles, Z-Strap fastening, high back protection, and padded cushioning."
B000HUBVKG,"Lelli Kelly Little Kid/Big Kid Margarethe Shoe,Blue,36 EU (US Big Kid 4.5 M)","Exclusive Lelli Kelly brand girls' shoes, designed in Italy with 100% hand-beaded canvas and rubber soles."
B000HUBSXG,Lelli Kelly Toddler/Little Kid Megan Hook-And-Loop Shoe,"Lelli Kelly, an Italian brand designed for girls, offers a range of products including footwear, clothing, and accessories. Its distinct hand-beaded designs, exclusive patterns, and high-quality materials aim to empower girls to express their femininity while ensuring comfort and durability."
B000HUDWAS,Lelli Kelly Toddler/Little Kid Sherry Shoe,"Lelli Kelly, a premium girl's lifestyle brand, offers exclusive beaded canvas footwear with removable leather footbeds and antibacterial insoles. Its unique bead and sequin designs showcase artistry, catering to girls' aspirations to express their femininity."
B000HUDVC2,Lelli Kelly Toddler/Little Kid Star Hook-And-Loop Shoe,"Lelli Kelly, a stylish kids' brand from Italy, offers unique hand-beaded canvas footwear with antibacterial and moisture-wicking insoles."
B000HUDXNO,Lelli Kelly Little Kid/Big Kid Megan Hook-And-Loop Shoe,"Lelli Kelly, a premium lifestyle brand for girls, offers an array of exclusive designs in footwear, clothing, accessories, and more, providing a luxurious alternative to Barbie."
B000HUDSX4,Lelli Kelly Toddler/Little Kid Ellen Shoe,"Lelli Kelly lifestyle brand for little girls offers exclusive, hand-beaded canvas footwear with antibacterial insoles, combining fashion and comfort, becoming the European alternative to Barbie with a focus on preserving childhood innocence."
B000HUBT7G,Lelli Kelly Little Kid/Big Kid Stella Shoe,"Lelli Kelly, a renowned Italian girls' brand, offers exclusive designs in footwear, clothing, and accessories, aiming to empower little girls while providing an alternative to Barbie. Crafted with 100% hand-beaded canvas and a durable rubber sole, their products are both stylish and functional."
B000HUFPLM,Lelli Kelly Toddler/Little Kid Stella Hook-And-Loop Shoe,"Lelli Kelly, an exclusive Italian brand for young girls, offers high-end footwear, apparel, and accessories designed to make girls feel confident and stylish. Featuring intricate beading, removable leather footbeds, and moisture-wicking insoles, each Lelli Kelly product is a unique work of art."
B000HUDVSG,Lelli Kelly Toddler/Little Kid Marilin Shoe,"Lelli Kelly, a premium brand for young girls, offers exclusive designs in footwear, apparel, and accessories. Crafted from high-quality materials like suede and leather, the products feature antibacterial and moisture-wicking technology for comfort and freshness."
B000HUHXW6,Lelli Kelly Little Kid/Big Kid Marylin Shoe,"Lelli Kelly lifestyle brand offers exclusive patterned designs on 100% hand beaded canvas shoes with rubber soles, targeting young girls."
B000HUI1UE,Lelli Kelly Little Kid/Big Kid Lucia Boot,"Exclusive Italian-designed Lelli Kelly shoes for little girls feature floral print suede, rubber soles, and antibacterial insoles for comfort and style."
B000HUHXT4,"Lelli Kelly Little Kid/Big Kid Megan Lace Shoe,White/Pink,36 EU (US Big Kid 4.5 M)","High-end Italian brand Lelli Kelly offers exclusive, hand-beaded shoes and accessories designed for young girls, providing a stylish and luxurious alternative to Barbie."
B000HZYFVS,Mootsies Tootsies Little Kid/Big Kid Greeley Mule,"Mootsies Tootsies Kids offers trendy footwear designed for girls, featuring a wide range of stylish options that allow them to express their individuality and fashion sense."
B000I0VJZW,Sam & Libby Little Kid/Big Kid Landon Sandal,"Sam & Libby Kids offers trendy footwear for girls with adjustable ankle straps, a clear heel, and a lightly padded insole."
B000I5H8HK,Barbie Little Kid Boot,"Barbie-themed 100% nylon and synthetic snowboots with rubber sole, acrylic felt lining, water resistance, and quick-lace system for convenience."
B000I5IOYQ,Barbie Toddler/Little Kid Boot,"Barbie snowboots are stylish, water-resistant, feature a warm acrylic felt liner, and have a speed lace system for convenience."
B000I7P6XQ,Capezio Toddler/Little Kid Academy 457C Character Shoe,"Capezio, established in 1887, provides high-quality dance shoes and accessories known for innovations like split-soles and stretch-inserts. With a commitment to supporting dance and creativity, Capezio aims to enhance performances while maintaining dependability and distinction."
B000I8482A,Geox Toddler/Little Kid Toy 3 Shoe,"Geox shoes feature a perforated rubber sole allowing feet to breathe while protecting them from moisture, keeping them comfortable."
B000I9QT7Q,Baby Deer Sabrina Ballet Flat (Toddler/Little Kid),"Adorable leather ballet flat with padded lining, flexible design, and satin ribbon tie."
B000IZ8YSC,Columbia Little Kid/Big Kid Damsel Star Winter Boot,"Columbia's high-quality outdoor footwear features 100% Nylon and Rubber construction, a temperature rating to -25 degrees Fahrenheit, a removable felt liner, and a bungee drawstring closure. The lug tread pattern provides boot-like traction with suede moccasin comfort."
B000IZBSSA,Columbia Toddler Damsel Star Winter Boot,"Columbia offers high-quality outdoor footwear, featuring nylon and rubber construction, seam-sealed water resistance, a comfortable suede moccasin design, and a lug tread sole for traction."
B000J3B386,adidas Kids' T-Mac 6 Basketball Shoe,"adidas T-MAC 6 basketball shoe with synthetic upper, EVA insole, injected EVA midsole, and non-marking adiWEAR outsole for durability and cushioning."
B000J3GKBQ,adidas Kids' Whiz Kid Basketball Shoe,"Summary:
Adidas, a leading sportswear brand founded in 1920, offers a wide range of shoes, apparel, and accessories for various sports, including basketball, soccer, and fitness training. Their products feature synthetic leather construction, rubber soles, and innovative technologies for comfort, support, and durability."
B000J3GJY4,adidas Little Kid/Big Kid Superstar 2G Ultra Basketball Shoe,"High-performance sneakers with a clean, modern design, featuring premium leather upper, EVA cushioning, TORSION support, and non-marking rubber outsole for optimal traction."
B000J3GKA2,adidas Kids' Whiz Kid Basketball Shoe,"Adidas, renowned for excellence in sports, offers a range of footwear, apparel, and accessories designed to empower athletes with optimal equipment."
B000J3GJR6,adidas Little Kid/Big Kid Superstar 2G Ultra Basketball Shoe,"adidas Superstar IIG youth basketball shoes combine classic style with modern technology, offering comfort, performance, and eye-catching looks on and off the court. Features include leather construction, 3-stripes, rubber toe, molded midsole, and non-marking outsole."
B000J3IO24,adidas Kids' Pro Model S Basketball Shoe,"Adidas athletic shoes, established in 1920, offer high-performance gear for various sports, including basketball, soccer, fitness, trail running, and golf. Constructed with premium leather, these shoes feature a rubber outsole, toe cap for durability, EVA cushioning for comfort, Adiprene forefoot support, torsion system midfoot protection, and a non-marking herringbone outsole."
B000J3KCFQ,adidas Little Kid/Big Kid Blindside 2 Basketball Shoe,"Premium Adidas athletic shoes from the renowned brand, featuring leather construction, Adiprene for cushioning, and a durable rubber sole for optimal performance and comfort."
B000J3KCQA,adidas Little Kid/Big Kid +Absolado TRX FG Soccer Shoe,"Synthetic soccer shoe with asymmetrical lacing, synthetic lining, EVA insole, adiPRENE® midsole, and Traxion™ FG outsole for grip on firm natural surfaces."
B000J3KDI2,adidas Little Kid/Big Kid graFEETeez Sneaker,"Summary:
Adidas, known for its exceptional sports equipment, offers high-quality products including shoes, apparel, and accessories for various activities such as basketball, soccer, fitness, training, and more."
B000J4DPRM,Western Chief Cowboy Rain Boot (Toddler/Little Kid),"Waterproof kids rain boots with a skid-resistant outsole, easy-on handles, and a moisture-absorbing lining for comfort in all weather conditions."
B000J4GV4Q,Western Chief Dino Rubber Clog (Toddler/Little Kid/Big Kid),Waterproof rubber Dino Rain Clogs from Wester Chief keep kids' feet dry and provide traction in rainy weather.
B000J4IQ1M,Western Chief Ladybug Slipper with Sole (Toddler/Little Kid),"Western Chief Kids brand offers weather-resistant shoes and accessories designed to keep children comfortable and stylish in any condition, including slippers for indoor wear."
B000J4IP68,Western Chief Kitty Slipper with Sole (Toddler/Little Kid),"Western Chief offers a wide range of durable and stylish children's footwear and accessories for all weather conditions, including slippers for indoor comfort."
B000J4JCYM,Western Chief Kids' Kitty Umbrella,"Adorable Western Chief Kitty Slippers feature cute kitty print on nylon material, complete with pop-up ears, matching rain boots and rain coat, providing comfort and style for any weather."
B000J67RQA,Little Laundry Little Kid/Big Kid Cozette Boot,"Trendy suede boots with side zip entry, corduroy snap pocket, and faux fur lining."
B000J67QNY,Little Laundry Toddler/Little Kid Cassy Mule,"Little Laundry offers stylish and affordable footwear in various fabrics and leathers, including metallics and iridescents. These shoes feature 100% leather construction, rubber soles, and fabric lining."
B000J67Z58,Little Laundry Little Kid/Big Kid Snuggy Bear Boot,"Stylish suede shoes with rubber soles, a jeweled bear design, and a faux shearling lining."
B000J662UW,Little Laundry Toddler/Little Kid Evana Sandal,"Stylish suede sandals with rubber soles and stud embellishments, featuring a padded leather footbed."
B000J69308,Little Laundry Little Kid/Big Kid Delcie Mule,"Stylish and affordable slippers made with 100% linen, featuring a wildflower print upper and sequined stripes, with a rubber sole for comfort."
B000J696UK,Little Laundry Toddler/Little Kid Snuggy Bear Boot,"Stylish Little Laundry sneakers feature a jeweled bear design and cozy faux shearling lining, made from durable suede with a non-slip rubber sole."
B000J67UDK,Little Laundry Little Kid/Big Kid Garden Slip-on,"Stylish, affordable Little Laundry shoes feature innovative fabrics, metallics, or iridescents with blossom embellishments and elastic entry for a snug fit."
B000J6991G,Little Laundry Little Kid/Big Kid Sasha Loafer,"Stylish affordable shoes with pony leather, rubber sole, bead embellishment, and leather lining."
B000J69812,Little Laundry Little Kid/Big Kid Cassy Mule,"Little Laundry offers stylish and affordable footwear in various materials, including leather, fabrics, and metallics."
B000J698LM,Little Laundry Little Kid/Big Kid Playmate Slip-on,"Stylish women's leather sneakers with rubber soles, jewel embellishments, and a vulcanized sole for durability."
B000J6AWEE,Little Laundry Little Kid/Big Kid Rene Espadrille,"Beaded satin sandals with rubber sole, adorned with bead and sequin embellishments, offering affordable style and fashion."
B000J67W92,Little Laundry Toddler/Little Kid Sami Boot,"Stylish and affordable girls' boots with synthetic materials, rubber sole, side zip entry, and padded collar."
B000J6CLO8,Little Laundry Toddler/Little Kid Cozette Boot,Stylish Little Laundry winter boots in innovative fabrics and leathers with features like corduroy pockets and faux fur lining.
B000J6DY9O,Western Chief Ladybug Snow Boot (Toddler/Little Kid),"Adorable Lady Bug snow boots for toddlers with nylon shaft, removable wool liner, drawstring collar, rubber lady bug face, and high-traction outsole, rated for temperatures down to -20°F."
B000JCP15I,Sorel Little Kid/Big Kid Cub Boot,"Sorel's winter footwear is designed for extreme weather conditions, with water and wind-resistant Ripstorm nylon upper, removable washable inner boot, and -25 degrees Fahrenheit temperature rating, making it ideal for snowmobiling, sledding, hunting, fishing, or daily wear."
B000JCSN30,Sorel Yoot Pac Tp Winter Boot,"Sorel Yoot PAC TP kids' mid-calf winter boot features PU-coated leather upper, lace-up closure, removable washable inner liner, and handcrafted waterproof rubber shell with herringbone outsole, providing versatile, waterproof warmth down to -40 degrees."
B000JE30VI,Little Laundry Toddler/Little Kid Rain Boot,"Stylish canvas sneakers with a hand-painted print upper, rubber sole, and fabric lining, available in a variety of colors and materials."
B000JE3248,Little Laundry Toddler/Little Kid Rain Clog,"Stylish and affordable Little Laundry shoes feature innovative materials, hand-painted print uppers, fabric linings, and durable rubber soles."
B000JE6KV0,Little Laundry Little Kid/Big Kid Rain Clog,"Little Laundry's stylish and affordable shoes feature innovative fabrics, leathers, and metallics with a hand-painted print upper and fabric lining. Made from 100% rubber with a rubber sole, these shoes ship in a 12 x 8 x 4-inch package and weigh 2 pounds."
B000JE8OLE,Little Laundry Little Kid/Big Kid Rain Boot,"Little Laundry footwear offers stylish and affordable designs, featuring innovative fabrics and prints ranging from classic leathers to dressy metallics. Crafted with rubber soles, fabric linings, and print uppers resembling hand-painted art."
B000JFD2E2,Little Laundry Toddler/Little Kid Eden Sandal,"Stylish leather sandals with stud embellishments, padded footbed, rubber sole, and innovative fabric options in metallics and iridescents."
B000JIARO2,Mia Kids Haley Ballet Flat (Little Kid/Big Kid),"Trendy and comfortable MIA Kids footwear offers fashionable heels, flats, sandals, and boots for style-conscious children, combining quality and wearability."
B000JLCN5A,Nina Bonnett Mary Jane (Toddler/Little Kid),"Classic Maryjane dress shoe with an adjustable buckle, pancake heel, and glossy leather upper, suitable for formal occasions."
B000JLCNCS,NINA Kids' Bonnett-tl-K,"Comfortable and stylish kids' Maryjane shoes with a classic strap, crafted from 100% leather, featuring a cushioned insole, flexible sole, non-marking outsole, and adjustable buckle for a perfect fit."
B000JLEKPQ,NINA Kids' Bonnett-IP-K,"Classic Maryjane dress shoe with adjustable buckle and pancake heel, featuring:
- 100% leather construction
- Synthetic sole
- Non-marking outsole
- Product Dimensions: 5 x 5 x 0.7 inches
- Shipping Weight: 12 ounces"
B000JLCN64,NINA Kids' Bonnett-tp-K,"Dressy Maryjane with adjustable buckle and pancake heel, suitable for formal occasions. Nina Kids' reputation for reliable and fashionable footwear ensures a perfect fit and quality materials."
B000JLGRD4,NINA Kids' Bonnett-il-K,"Nina Kids' classic Maryjane strap features quality leather, a synthetic sole, and padded insole. Adjustable buckle and flexible outsole ensure a perfect fit."
B000JV3M50,Stride Rite Little Kid Super Ball Mary Jane Sneaker,"Stride Rite specializes in durable, well-engineered children's footwear designed to support their growth and adventures, backed by over 85 years of expertise."
B000JV5OO2,Stride Rite Toddler Super Ball Hook-And-Loop Sneaker,"Stride Rite, the trusted children's footwear brand for over 85 years, engineers shoes designed to support growing feet. Their 100% leather shoes with rubber soles provide comfort, durability, and style for active kids."
B000JV5ORO,Stride Rite Little Kid/Big Kid Super Ball Lace-Up Sneaker,"Kids' Lace Up sneaker from Superball by Stride Rite with leather and textile upper, padded collar, lace up closure, Superball technology, cushioned insole, and multi-pattern tread for reduced weight and increased cushioning."
B000JV3JDK,Stride Rite Toddler Super Ball Quick Closure Sneaker,"Stride Rite shoes are designed for the needs of growing children, with over 85 years of experience in crafting shoes that support kids' adventures and help them express themselves confidently."
B000JWZR6Q,umi Quiltee B Boot (Toddler/Little Kid),"Stylish, waterproof knee-high toddler boots with diamond-quilted front, side zipper, and adjustable circumference."
B000JZ8YNQ,Heelys Little Kid/Big Kid Glitz Skate Shoes,"Heely's are unique athletic shoes with a retractable wheel in the heel, enabling seamless transitions from walking to rolling."
B000JZ9SYU,Heelys Little Kid/Big Kid Spree Skate Shoe,"Heely's are versatile shoes featuring a concealed heel wheel that enables seamless transitions between walking, running, and rolling. They offer both athletic performance and street-style fashion, with features like an abrasion-resistant toe, cushioning, and a removable wheel for customization."
B000JZ9UPC,Heelys Little Kid/Big Kid Bliss 2 Skate Shoe,"Heely's Bliss 2 roller shoes feature detachable wheels housed in the heel, allowing for easy transitions between walking and skating. When the wheels are removed, the shoes transform into fashionable sneakers."
B000JZBV3G,Heelys Little Kid/Big Kid Whirl Skate Shoes,"Heely Whirl skate shoes feature a retractable wheel in the heel for instant rolling fun. With a removable wheel, they transform into fashionable street shoes. The synthetic upper and polyurethane midsole provide comfort and style. Includes heel plugs and removal tool. Select one size up for proper fit."
B000K2IUD2,adidas Big Kid a3 Artillery Sneaker,"**Summary:**

The adidas A3 Artillery youth basketball shoe features advanced technology with computerized pressure plates that adjust cushioning based on weight, position, and terrain. It provides ventilation, support, and comfort through a breathable upper, supportive foam sockliner, and non-marking rubber outsole."
B000K2IUFK,adidas Originals Kids' Hot Wheels Bling Sneaker,"adidas, renowned for sports excellence, offers a comprehensive product range from footwear and apparel to accessories catering to various disciplines, including basketball, soccer, fitness, and adventure."
B000K2O3B0,adidas Originals Kids' Subar Sneaker,"adidas, founded in 1920, offers a comprehensive range of sports equipment, including shoes, apparel, and accessories for various athletic endeavors such as basketball, soccer, fitness, adventure, trail, and golf."
B000K386HG,Geox Little Kid/Big Kid Liu 1 Shoe,"Geox shoes feature perforated rubber soles that allow feet to breathe while staying waterproof, providing a solution for sweaty feet and appealing to health-conscious consumers."
B000KJ0QF0,Crocs Little Kid Athens Sandal,"Ergonomic Crocs Athens sandals, designed for children's comfort with contoured straps and footbeds. Features bright colors and accommodates an 8-inch footbed."
B000KJ4ICW,Quiksilver Carver Suede 2 Flip-Flop (Toddler/Little Kid/Big Kid),"Imported suede summer shoes with rubber soles, compression-molded footbed, and arch support."
B000KJ4F7A,Rainbow Sandals Kids Leather Flip-Flops,"Premium leather sandals with triple-glued, non-slip rubber soles, featuring a leather footbed and a lifetime guarantee on the soles."
B000KMIGBS,Rainbow Sandals Kids Leather Flip-Flops,"**Summary:**

Rainbow Kids' Premier Leather Wide Strap Sandals offer comfort and durability for active kids, featuring a leather footbed and rubber sole."
B000KMKK26,Rainbow Sandals Kids Leather Flip-Flops,"Comfortable leather sandals for active kids, featuring a rubber sole and lifetime manufacturer warranty."
B000KMIGAY,Rainbow Sandals Kids Leather Flip-Flops,"Leather sandals with rubber soles and a lifetime warranty, providing comfort for kids' busy days."
B000KMK6F2,Reef Slap Flip Flop (Toddler/Little Kid/Big Kid),"**Summary:**

These Reef Slap sandals feature durable synthetic leather uppers, padded straps, arch support, and a non-skid rubber sole. Toddlers have an optional backstrap for added security. Ideal for outdoor play, trips to the lake or beach, and everyday wear."
B000KMK5T4,Rainbow Sandals Kids Leather Flip-Flops,"Comfortable leather sandals with a wide strap, rubber sole, and lifetime manufacturer warranty, ideal for active kids."
B000KMOR4I,Rainbow Sandals Kids Leather Flip-Flops,"Comfortable leather sandals with a durable rubber sole, designed to keep kids' feet feeling great throughout their busy days of play and exploration."
B000KMMDCG,Rainbow Sandals Kids Leather Flip-Flops,"Durable leather kid's sandals with a secure fit and lifetime warranty, providing comfort and protection for active feet."
B000KZ4LYG,Birkenstock Toddler/Little Kid Boston Clog,"Comfortable kids' Birkenstock casual shoe with a custom molding footbed for support, adjustable strap, and shock-absorbing EVA outsole."
B000KZJ0N8,Kamik Snowkone 3 Cold Weather Boot (Toddler/Little Kid/Big Kid),"Kamik waterproof winter boots feature a PVC rubber upper, nylon collar with adjustable drawstring, and a removable Zylex liner for warmth. Their treaded PVC outsole ensures traction."
B000KZHCI8,Kamik Rocket Cold Weather Boot (Toddler/Little Kid/Big Kid),"Kids' snowboots with durable nylon upper, waterproof Yukon bottom, 8mm Zylex moisture-wicking liner, adjustable ankle belt, rated for -40°F."
B000LR01M4,Laredo Sabre (Toddler/Little Kid),"Classic faux leather boots with animal print cutouts, pointed toe, and easy-on pull straps, suitable for young cowgirls. Shaft height: 6"". Imported."
B000LRI4GE,Minnetonka Pile-Lined Slipper (Toddler/Little Kid/Big Kid),"Classic Minnetonka moccasin slippers provide warmth and style with suede upper, wool lining, and flexible midsole. Made in USA or imported with a leather sole, they feature moc-toe stitching, tie, and slipper style outsole."
B000LVH9BG,UGG Australia Classic (Little Big Kid),UGG Toddler bootie with 100% Sheepskin upper and flexible synthetic sole for signature comfort.
B000LVL5GQ,"UGG Australia Children's Classic Big Kids Shearling Boots,Chestnut,US 5 Child US","Sheepskin fleece boots designed for warmth and comfort with moisture-wicking properties, a flexible EVA outsole for traction, and a fit true to size. Available in toddler, little kid, and women's sizes. Not water-resistant."
B000LVLODU,Rainbow Sandals Kids Leather Flip-Flops,"High-quality leather shoes with triple-glued construction, non-slip soles, and a lifetime sole guarantee."
B000M25VD2,Stride Rite Made 2 Play  Nikki CG Running Shoe (Toddler/Little Kid),"**Summary:**
Stride Rite's Made 2 Play Collection features the baby Nikki shoe, designed for easy on/off and featuring washable suede and mesh materials for quick cleanup."
B000M2AJPW,Stride Rite SRT SM Nala Crib Mary Jane (Infant/Toddler),"Adorable T-strap sandals with SRT Soft Motion technology for growing feet, featuring rounded edges to reduce trips and falls."
B000M504EA,Stride Rite Little Kid/Big Kid Amaya Sandal,"Stride Rite's leather sandals, with dual hook-and-loop closures and a lightweight outsole, are designed for children's comfort and support. Featuring three butterfly embellishments and a padded collar, they encourage confidence and exploration."
B000M9H1NS,Capezio Toddler/Little Kid Canvas Juliet 2028C II Ballet Shoe,"Capezio's Canvas Juliet Ballet Shoe provides a snug fit for narrow feet, with a sculpted arch for improved pointing and flexing. Made of breathable canvas, it features pre-attached criss-cross elastics for a secure fit, contoured suede sole patches, and a moisture-absorbent lining."
B000M9H1NI,Capezio Toddler/Little Kid Canvas Juliet 2028C II Ballet Shoe,"Capezio's Canvas Juliet Ballet Shoe features a split-sole design for improved pointing and flexing. Made from stretch canvas with pre-attached elastics, it provides a secure fit for dancers with narrow feet. Its durable suede sole patches and sculpted arch ensure comfort and control during classes or performances."
B000MLCK64,Kamik Snowkone 3 Cold Weather Boot (Toddler/Little Kid/Big Kid),"Durable leather boots from Kamik, made for extreme conditions. Waterproof, with a removable liner and rated to -25°F."
B000MLAJ2G,Kamik Stomp Rain Boot (Toddler/Little Kid/Big Kid),"Kamik's Stomp rain boot offers waterproof protection, sturdy tread, comfort insole, and moisture-wicking lining for stylish and dry outdoor adventures."
