asin,summary
B00004VWJ3,"Overall, the product is highly praised for its quality, comfort, and support, especially for individuals with foot issues. However, one user expressed dissatisfaction with the narrow sizing, suggesting they received a size different from their previous purchase."
B00004VWJ3,"Overall, the product is highly praised for its quality, comfort, and support, especially for individuals with foot issues. However, one user expressed dissatisfaction with the narrow sizing, suggesting they received a size different from their previous purchase."
B00004VWJ3,"Overall, the product is highly praised for its quality, comfort, and support, especially for individuals with foot issues. However, one user expressed dissatisfaction with the narrow sizing, suggesting they received a size different from their previous purchase."
B000094VPP,"The Converse Chuck Taylor sneakers are overall well-received, but some users caution that sizing can be confusing or inconsistent. Users recommend ordering a half size down if you have narrow feet and emphasize the need to check the sizing guide carefully. The sneakers are described as fitting perfectly, delivering quickly, and meeting expectations. One user specifically mentions the color being as described and is highly satisfied with the purchase."
B000094VPP,"The Converse Chuck Taylor sneakers are overall well-received, but some users caution that sizing can be confusing or inconsistent. Users recommend ordering a half size down if you have narrow feet and emphasize the need to check the sizing guide carefully. The sneakers are described as fitting perfectly, delivering quickly, and meeting expectations. One user specifically mentions the color being as described and is highly satisfied with the purchase."
B000094VPP,"The Converse Chuck Taylor sneakers are overall well-received, but some users caution that sizing can be confusing or inconsistent. Users recommend ordering a half size down if you have narrow feet and emphasize the need to check the sizing guide carefully. The sneakers are described as fitting perfectly, delivering quickly, and meeting expectations. One user specifically mentions the color being as described and is highly satisfied with the purchase."
B00009ZM91,"These shoes are highly praised by users for their versatility, comfort, and durability. They are equally suitable for casual and dressy occasions and provide all-day comfort, even for those working on challenging surfaces. Users with foot conditions also find relief in these shoes, with one reviewer specifically mentioning relief from Achilles tendinitis."
B00009ZM91,"These shoes are highly praised by users for their versatility, comfort, and durability. They are equally suitable for casual and dressy occasions and provide all-day comfort, even for those working on challenging surfaces. Users with foot conditions also find relief in these shoes, with one reviewer specifically mentioning relief from Achilles tendinitis."
B00009ZM91,"These shoes are highly praised by users for their versatility, comfort, and durability. They are equally suitable for casual and dressy occasions and provide all-day comfort, even for those working on challenging surfaces. Users with foot conditions also find relief in these shoes, with one reviewer specifically mentioning relief from Achilles tendinitis."
B0000A4FD7,"Users generally liked the customizable design and affordability of the shoes. However, concerns were raised about their durability, with several users reporting that the shoes began to fall apart within a few months of wear. Some users also noted that the shoes ran small and recommended ordering a larger size. Overall, the reviews suggest that the shoes may be a good option for those on a budget or for occasional use, but may not be suitable for heavy-duty or long-term wear."
B0000A51F0,"The reviews are mostly positive, with one negative review. The positive reviews praise the sneaker's comfort, style, and durability. The negative review criticizes the sneaker's lack of support and comfort for extended wear. Overall, the sneaker is highly recommended by most users."
B0000A51F0,"The reviews are mostly positive, with one negative review. The positive reviews praise the sneaker's comfort, style, and durability. The negative review criticizes the sneaker's lack of support and comfort for extended wear. Overall, the sneaker is highly recommended by most users."
B0000A51F0,"The reviews are mostly positive, with one negative review. The positive reviews praise the sneaker's comfort, style, and durability. The negative review criticizes the sneaker's lack of support and comfort for extended wear. Overall, the sneaker is highly recommended by most users."
B0000A4FD5,"The shoes are stylish and comfortable for cheerleading, with interchangeable color stripes on the sides. However, they are cheaply made and tend to fall apart after about 6 months of use. Sizing may vary, with some reviewers suggesting ordering up a size or two for a better fit."
B0000A53OI,"The K-Swiss tennis shoes are highly recommended and praised by users for their comfort, support, and durability. They provide ample arch support, are lightweight and breathable, especially suitable for Florida's heat, and have been consistently preferred by users for many years."
B0000A53OI,"The K-Swiss tennis shoes are highly recommended and praised by users for their comfort, support, and durability. They provide ample arch support, are lightweight and breathable, especially suitable for Florida's heat, and have been consistently preferred by users for many years."
B0000A53OI,"The K-Swiss tennis shoes are highly recommended and praised by users for their comfort, support, and durability. They provide ample arch support, are lightweight and breathable, especially suitable for Florida's heat, and have been consistently preferred by users for many years."
B0000AFSY8,"Mixed reviews for the shoes. Some users were satisfied with the product, while others were disappointed with the condition of the box and shoes. Additionally, some users expressed the shoes brought back fond memories and were appreciated by their loved ones."
B0000AFSY8,"Mixed reviews for the shoes. Some users were satisfied with the product, while others were disappointed with the condition of the box and shoes. Additionally, some users expressed the shoes brought back fond memories and were appreciated by their loved ones."
B0000AFSY8,"Mixed reviews for the shoes. Some users were satisfied with the product, while others were disappointed with the condition of the box and shoes. Additionally, some users expressed the shoes brought back fond memories and were appreciated by their loved ones."
B0000AJNT0,"The product received mostly positive reviews, with users praising its quality and fast shipping. However, some users noted that the sizing runs slightly large."
B0000AJNT0,"The product received mostly positive reviews, with users praising its quality and fast shipping. However, some users noted that the sizing runs slightly large."
B0000AJNT0,"The product received mostly positive reviews, with users praising its quality and fast shipping. However, some users noted that the sizing runs slightly large."
B0000CFJY7,"Chuck Taylor shoes are well-loved and praised for their comfortable fit. They can be versatile for various activities and bring back nostalgic memories. Despite some concerns about sizing, the majority of users highly recommend them."
B0000DZA4T,"The Saucony Progrid Stabil CS running shoes have garnered mixed reviews from users. Some express disappointment with the decreased support and durability compared to the older Saucony Stabil Grid 6 model, while others praise the comfort and support it provides for flat feet and orthotics. Despite its weight, users appreciate the roomy toe area, ankle support, and color options. Some users suggest that the shoes may run wide, and others prefer the foot support offered by other brands with a more rigid upper foot support. Overall, the Saucony Progrid Stabil CS is a solid athletic shoe with a wide heel base for stability, but users may need to try different sizes and brands to find the best fit and support for their feet."
B0000DZA4T,"The Saucony Progrid Stabil CS running shoes have garnered mixed reviews from users. Some express disappointment with the decreased support and durability compared to the older Saucony Stabil Grid 6 model, while others praise the comfort and support it provides for flat feet and orthotics. Despite its weight, users appreciate the roomy toe area, ankle support, and color options. Some users suggest that the shoes may run wide, and others prefer the foot support offered by other brands with a more rigid upper foot support. Overall, the Saucony Progrid Stabil CS is a solid athletic shoe with a wide heel base for stability, but users may need to try different sizes and brands to find the best fit and support for their feet."
B0000E0VIJ,"These sneakers are comfortable, vegan, and have a more subtle design compared to neon or shiny alternatives. However, some users have concerns about the lack of a stiff back, which can make it difficult to put on, and the off-white color on the sides and back may not match well with all outfits."
B0000E0VIJ,"These sneakers are comfortable, vegan, and have a more subtle design compared to neon or shiny alternatives. However, some users have concerns about the lack of a stiff back, which can make it difficult to put on, and the off-white color on the sides and back may not match well with all outfits."
B0000E0VIJ,"These sneakers are comfortable, vegan, and have a more subtle design compared to neon or shiny alternatives. However, some users have concerns about the lack of a stiff back, which can make it difficult to put on, and the off-white color on the sides and back may not match well with all outfits."
B0000DZZP3,"The Saucony Progrid Hurricane running shoe is highly recommended by users for its comfort, support, and suitability for various foot types, especially those with pronation. It provides excellent cushioning, ample toe room, and durability. Some users have experienced issues with the insole and substitution of older models when ordering online."
B0000DZZP3,"The Saucony Progrid Hurricane running shoe is highly recommended by users for its comfort, support, and suitability for various foot types, especially those with pronation. It provides excellent cushioning, ample toe room, and durability. Some users have experienced issues with the insole and substitution of older models when ordering online."
B0000E07KZ,"Saucony Grid Fastwitch 4 Running Shoe is a popular running shoe among users. Praised for its light weight, breathability, and comfort. It is suitable for various running activities including racing, marathons, and speed work. However, some users also noted its quick wear and the feeling of rocks underfoot due to its thin design."
B0000E09PI,"Reviews for Saucony sneakers are mixed, with some praising their comfort and style while others experiencing issues with fit, durability, and stability. Several users found them suitable for casual wear or light activities, while others found them unsuitable for running or high-impact activities. Overall, the reviews suggest the need to carefully consider size and individual foot needs before purchasing these shoes."
B0000E0HNP,"Converse All-Star sneakers received mostly positive reviews. The fit is consistent with other Chucks, but users recommend ordering one size smaller. The flag-themed design is popular, and the shoes are comfortable after breaking in. However, some users mentioned they had to return due to sizing issues and that the shoes are listed as women's but are actually unisex."
B0000E0HNP,"Converse All-Star sneakers received mostly positive reviews. The fit is consistent with other Chucks, but users recommend ordering one size smaller. The flag-themed design is popular, and the shoes are comfortable after breaking in. However, some users mentioned they had to return due to sizing issues and that the shoes are listed as women's but are actually unisex."
B0000V9E3S,"Keen sandals have a wide fit (recommended for users with wider feet) and true to size in length. However, individuals with narrow feet may experience issues with the long laces created by the adjustment. Despite this, the sandals are highly comfortable."
B0000V9E3S,"Keen sandals have a wide fit (recommended for users with wider feet) and true to size in length. However, individuals with narrow feet may experience issues with the long laces created by the adjustment. Despite this, the sandals are highly comfortable."
B0000V9E3S,"Keen sandals have a wide fit (recommended for users with wider feet) and true to size in length. However, individuals with narrow feet may experience issues with the long laces created by the adjustment. Despite this, the sandals are highly comfortable."
B0000YWEIC,"Most users gave the product a five-star rating, praising its comfort, fit, style, and lightweight design. One user noted an issue with the logo falling off, but overall, the product seems to be well-received for its quality and performance."
B00019LZNG,"The Reebok Women's Classic Nylon Sneaker is a well-loved shoe by many users, despite minor complaints about sizing. Its comfortable fit and classic style make it a favorite for those with high arches and a preference for durability."
B00019LZNG,"The Reebok Women's Classic Nylon Sneaker is a well-loved shoe by many users, despite minor complaints about sizing. Its comfortable fit and classic style make it a favorite for those with high arches and a preference for durability."
B00019LZNG,"The Reebok Women's Classic Nylon Sneaker is a well-loved shoe by many users, despite minor complaints about sizing. Its comfortable fit and classic style make it a favorite for those with high arches and a preference for durability."
B0001M3UWW,"Users praised the comfort and support of these plastic flip flops, particularly the heel support. They found them suitable for everyday use, including gardening and running errands. However, a few users mentioned a snug fit around the toe strap and occasional squeaking noises."
B0001M3UWW,"Users praised the comfort and support of these plastic flip flops, particularly the heel support. They found them suitable for everyday use, including gardening and running errands. However, a few users mentioned a snug fit around the toe strap and occasional squeaking noises."
B0001M3UWW,"Users praised the comfort and support of these plastic flip flops, particularly the heel support. They found them suitable for everyday use, including gardening and running errands. However, a few users mentioned a snug fit around the toe strap and occasional squeaking noises."
B0001N5WMW,"The Keen Newport sandals receive varying reviews with some users praising their comfort and versatility, while others find them too wide or small. Despite some positive reviews, a common complaint is the potential for the vertical straps near the heel to break."
B0001N5WMW,"The Keen Newport sandals receive varying reviews with some users praising their comfort and versatility, while others find them too wide or small. Despite some positive reviews, a common complaint is the potential for the vertical straps near the heel to break."
B0001N5WMW,"The Keen Newport sandals receive varying reviews with some users praising their comfort and versatility, while others find them too wide or small. Despite some positive reviews, a common complaint is the potential for the vertical straps near the heel to break."
B0001Y92KY,"Overall, these Converse sneakers received mostly positive reviews, with users praising their fit, comfort, and stylish design. However, some users mentioned inconsistencies in sizing and color accuracy."
B0001Y92KY,"Overall, these Converse sneakers received mostly positive reviews, with users praising their fit, comfort, and stylish design. However, some users mentioned inconsistencies in sizing and color accuracy."
B00024QELS,"The riding boots are well-received for their perfect fit, comfort, and stylish appearance. They require minimal break-in time and arrive promptly, exceeding expectations. Users highlight the excellent quality and highly recommend the boots."
B00024QELS,"The riding boots are well-received for their perfect fit, comfort, and stylish appearance. They require minimal break-in time and arrive promptly, exceeding expectations. Users highlight the excellent quality and highly recommend the boots."
B00024QELS,"The riding boots are well-received for their perfect fit, comfort, and stylish appearance. They require minimal break-in time and arrive promptly, exceeding expectations. Users highlight the excellent quality and highly recommend the boots."
B00024QR60,"The Ariat boots are highly praised for their comfort and support, particularly for those with foot problems. They are well-made and durable, suitable for long hikes or walks. Some users experience initial stiffness, which may improve with use."
B00024QR60,"The Ariat boots are highly praised for their comfort and support, particularly for those with foot problems. They are well-made and durable, suitable for long hikes or walks. Some users experience initial stiffness, which may improve with use."
B00024QR60,"The Ariat boots are highly praised for their comfort and support, particularly for those with foot problems. They are well-made and durable, suitable for long hikes or walks. Some users experience initial stiffness, which may improve with use."
B0002KSH3A,"The right shoe had a loud squeaking defect, leading to the return of the product."
B0002KSH3A,"The right shoe had a loud squeaking defect, leading to the return of the product."
B0002KSH3A,"The right shoe had a loud squeaking defect, leading to the return of the product."
B0002L4O2W,"Danner Stumptown boots receive mixed reviews. While praised for their excellent craftsmanship, durability, and support, they may require a longer break-in period and sizing can be inconsistent, with some customers experiencing inaccurate size labeling. The stiff sole and narrow fit may not be suitable for all. However, those who have managed to break them in appreciate their comfort and protection during hikes and work activities, commending the boots' ruggedness and attractive design."
B0002LI9BO,"The product runs true to size, with users recommending ordering their exact size or a half size larger for a wider fit. The fit is described as perfect, comfortable, and appropriate for long-standing. While most users are highly satisfied with the quality and durability of the product, one reviewer mentioned a slight manufacturing defect in the tongue of the left shoe."
B0002LI9BO,"The product runs true to size, with users recommending ordering their exact size or a half size larger for a wider fit. The fit is described as perfect, comfortable, and appropriate for long-standing. While most users are highly satisfied with the quality and durability of the product, one reviewer mentioned a slight manufacturing defect in the tongue of the left shoe."
B0002LI9BO,"The product runs true to size, with users recommending ordering their exact size or a half size larger for a wider fit. The fit is described as perfect, comfortable, and appropriate for long-standing. While most users are highly satisfied with the quality and durability of the product, one reviewer mentioned a slight manufacturing defect in the tongue of the left shoe."
B0002LT7LU,"Mixed reviews for the shoes: some users found them comfortable and liked the short heel, while others reported that they were too small and too big in the heel."
B0002LT7LU,"Mixed reviews for the shoes: some users found them comfortable and liked the short heel, while others reported that they were too small and too big in the heel."
B0002LT7LU,"Mixed reviews for the shoes: some users found them comfortable and liked the short heel, while others reported that they were too small and too big in the heel."
B0002LTCWY,"The product received mixed reviews. Some users reported concerns about the product's authenticity and quality, while others praised its comfort and fit, particularly highlighting the positive experience of a teenage user who found the shoes to be a great fit and comfortable."
B0002LTCWY,"The product received mixed reviews. Some users reported concerns about the product's authenticity and quality, while others praised its comfort and fit, particularly highlighting the positive experience of a teenage user who found the shoes to be a great fit and comfortable."
B0002LTCWY,"The product received mixed reviews. Some users reported concerns about the product's authenticity and quality, while others praised its comfort and fit, particularly highlighting the positive experience of a teenage user who found the shoes to be a great fit and comfortable."
B0002LTGHA,"Users generally praise the sandals' comfort and durability, but some note narrow sizing and potential foot odor due to leather soles."
B0002LTGHA,"Users generally praise the sandals' comfort and durability, but some note narrow sizing and potential foot odor due to leather soles."
B0002LY224,"The Sperry Top-Sider Women's Bahama 2-Eye Lace-Up shoes are highly praised for their comfort, style, and versatility. Many users find them perfect for everyday wear, with some even purchasing multiple pairs. However, some have noted that the shoes may cut into the top of the foot for some individuals."
B0002LY224,"The Sperry Top-Sider Women's Bahama 2-Eye Lace-Up shoes are highly praised for their comfort, style, and versatility. Many users find them perfect for everyday wear, with some even purchasing multiple pairs. However, some have noted that the shoes may cut into the top of the foot for some individuals."
B0002LY224,"The Sperry Top-Sider Women's Bahama 2-Eye Lace-Up shoes are highly praised for their comfort, style, and versatility. Many users find them perfect for everyday wear, with some even purchasing multiple pairs. However, some have noted that the shoes may cut into the top of the foot for some individuals."
B0002M14CY,"The Saucony shoes received mostly positive reviews with users praising their comfort, fit, and quality. However, one user mentioned that the shoes lost their shape after a while."
B0002M14CY,"The Saucony shoes received mostly positive reviews with users praising their comfort, fit, and quality. However, one user mentioned that the shoes lost their shape after a while."
B0002M14CY,"The Saucony shoes received mostly positive reviews with users praising their comfort, fit, and quality. However, one user mentioned that the shoes lost their shape after a while."
B0002M2VYY,"Shoes are generally comfortable and cute, offering a great value. However, they may lack arch support and durability, and some users experience discomfort due to a lack of space for upturned toes."
B0002M2VYY,"Shoes are generally comfortable and cute, offering a great value. However, they may lack arch support and durability, and some users experience discomfort due to a lack of space for upturned toes."
B0002M2VYY,"Shoes are generally comfortable and cute, offering a great value. However, they may lack arch support and durability, and some users experience discomfort due to a lack of space for upturned toes."
B0002M1OOM,"Overall, these slippers are highly praised for their comfort, warmth, and cuteness. They have ample cushioning and keep feet cozy, even outdoors. Despite some concerns about the size and fur ball falling off, users generally rate them highly and recommend them for as spare pairs."
B0002M1OOM,"Overall, these slippers are highly praised for their comfort, warmth, and cuteness. They have ample cushioning and keep feet cozy, even outdoors. Despite some concerns about the size and fur ball falling off, users generally rate them highly and recommend them for as spare pairs."
B0002M2X0Q,"The shoe is stylish, but it runs narrow and smaller than expected, leading to the need to return it due to lack of larger sizes."
B0002M2X0Q,"The shoe is stylish, but it runs narrow and smaller than expected, leading to the need to return it due to lack of larger sizes."
B0002LTJN6,"Comfortable, stylish shoes, but the new XW design is narrower than previous versions, causing some discomfort for some users."
B0002LTJN6,"Comfortable, stylish shoes, but the new XW design is narrower than previous versions, causing some discomfort for some users."
B0002LTJN6,"Comfortable, stylish shoes, but the new XW design is narrower than previous versions, causing some discomfort for some users."
B0002M1OJW,"The slippers are stylish, comfortable, warm, and sparkly. They have a solid sole that can be worn outside. They run a little small, so it is recommended to order a size up. Some users have reported that the slippers are falling apart after a short period of time, but others have had no issues. Overall, the slippers are well-received and are a good value for the price."
B0002M0GZ0,"These dress shoes are highly praised for their comfort, style, and perfect fit. They are versatile and can be worn for various occasions, from weddings to dancing nights. The unique design combines the support of a full-coverage front with the elegance of strappy heels. The clear plastic heel and pliable straps enhance the visual appeal without compromising comfort. Users report that the sizing is accurate, and they highly recommend these shoes for their combination of style, comfort, and durability."
B0002M0GZ0,"These dress shoes are highly praised for their comfort, style, and perfect fit. They are versatile and can be worn for various occasions, from weddings to dancing nights. The unique design combines the support of a full-coverage front with the elegance of strappy heels. The clear plastic heel and pliable straps enhance the visual appeal without compromising comfort. Users report that the sizing is accurate, and they highly recommend these shoes for their combination of style, comfort, and durability."
B0002M0GZ0,"These dress shoes are highly praised for their comfort, style, and perfect fit. They are versatile and can be worn for various occasions, from weddings to dancing nights. The unique design combines the support of a full-coverage front with the elegance of strappy heels. The clear plastic heel and pliable straps enhance the visual appeal without compromising comfort. Users report that the sizing is accurate, and they highly recommend these shoes for their combination of style, comfort, and durability."
B0002M2XEC,"The shoes run narrow, with some users finding the wide size still too small. They are comfortable and stylish, but may not fit well for those with wide feet. The heel is generally considered comfortable, but the toe area can be tight for some. Overall, the shoes are well-priced and versatile in style, but narrow fit is a common complaint."
B0002M8PH6,"The sandals are stylish, comfortable, and versatile, suitable for year-round wear in warmer climates. Most users found them comfortable from the start, but some recommended breaking them in gradually. They are flattering to the feet and provide a slight heel lift for a dressy look while maintaining comfort for extended periods. Arch support could be improved for those who prefer it."
B0002M8PH6,"The sandals are stylish, comfortable, and versatile, suitable for year-round wear in warmer climates. Most users found them comfortable from the start, but some recommended breaking them in gradually. They are flattering to the feet and provide a slight heel lift for a dressy look while maintaining comfort for extended periods. Arch support could be improved for those who prefer it."
B0002M8PH6,"The sandals are stylish, comfortable, and versatile, suitable for year-round wear in warmer climates. Most users found them comfortable from the start, but some recommended breaking them in gradually. They are flattering to the feet and provide a slight heel lift for a dressy look while maintaining comfort for extended periods. Arch support could be improved for those who prefer it."
B0002M8QHK,"The sandals are well-liked for their comfort and style. One reviewer mentioned a slight difference in width for the black pair, but overall, the consensus is positive."
B0002M8QHK,"The sandals are well-liked for their comfort and style. One reviewer mentioned a slight difference in width for the black pair, but overall, the consensus is positive."
B0002M8QHK,"The sandals are well-liked for their comfort and style. One reviewer mentioned a slight difference in width for the black pair, but overall, the consensus is positive."
B0002M8S0A,"The reviews are mostly positive, with users praising the fit, comfort, and quality of the shoes. However, one user experienced sizing issues and returned the product."
B0002M8S0A,"The reviews are mostly positive, with users praising the fit, comfort, and quality of the shoes. However, one user experienced sizing issues and returned the product."
B0002M8S0A,"The reviews are mostly positive, with users praising the fit, comfort, and quality of the shoes. However, one user experienced sizing issues and returned the product."
B0002MB0DM,"The Keds shoe offers a comfortable fit from the first wear with arch support for extended use. However, some users have noted that it can be too narrow and tight, causing discomfort during prolonged wear."
B0002MB0DM,"The Keds shoe offers a comfortable fit from the first wear with arch support for extended use. However, some users have noted that it can be too narrow and tight, causing discomfort during prolonged wear."
B0002MB0DM,"The Keds shoe offers a comfortable fit from the first wear with arch support for extended use. However, some users have noted that it can be too narrow and tight, causing discomfort during prolonged wear."
B0002M8QZM,"Overall, the sandals are comfortable and stylish. They fit well and are available in multiple colors. The black pair tends to fit tighter, but users anticipate they will stretch over time. Users have been satisfied with their previous purchases of the same shoes."
B0002M8QZM,"Overall, the sandals are comfortable and stylish. They fit well and are available in multiple colors. The black pair tends to fit tighter, but users anticipate they will stretch over time. Users have been satisfied with their previous purchases of the same shoes."
B0002M8QZM,"Overall, the sandals are comfortable and stylish. They fit well and are available in multiple colors. The black pair tends to fit tighter, but users anticipate they will stretch over time. Users have been satisfied with their previous purchases of the same shoes."
B0002MB9BK,"The shoes initially fit well but deteriorate quickly, losing support and becoming loose after a year despite multiple purchases. While comfortable and stylish for casual wear, they are difficult to clean and should be avoided in muddy conditions."
B0002MB9BK,"The shoes initially fit well but deteriorate quickly, losing support and becoming loose after a year despite multiple purchases. While comfortable and stylish for casual wear, they are difficult to clean and should be avoided in muddy conditions."
B0002MB9BK,"The shoes initially fit well but deteriorate quickly, losing support and becoming loose after a year despite multiple purchases. While comfortable and stylish for casual wear, they are difficult to clean and should be avoided in muddy conditions."
B0002MB8O8,"Reviews for the keds shoes are mixed. Some users find them cute, comfortable, and true to size while others are disappointed with the customer service and sizing options. One user praises the lightweight design and color options."
B0002MB8O8,"Reviews for the keds shoes are mixed. Some users find them cute, comfortable, and true to size while others are disappointed with the customer service and sizing options. One user praises the lightweight design and color options."
B0002MBCW6,"Reviews contain mixed experiences. One reviewer praises the product as loved by their wife, while another encounters issues with sizing and incorrect product representation. However, a third reviewer highlights excellent value for the price paid."
B0002MBCW6,"Reviews contain mixed experiences. One reviewer praises the product as loved by their wife, while another encounters issues with sizing and incorrect product representation. However, a third reviewer highlights excellent value for the price paid."
B0002MBCW6,"Reviews contain mixed experiences. One reviewer praises the product as loved by their wife, while another encounters issues with sizing and incorrect product representation. However, a third reviewer highlights excellent value for the price paid."
B0002MB9GK,"The shoe has mixed reviews. Some users love it due to its comfort and have worn it for years, while others found it to be too narrow and painful. It may be suitable for short-term wear or running errands, but may not be suitable for extended use or people with wider feet."
B0002MB9GK,"The shoe has mixed reviews. Some users love it due to its comfort and have worn it for years, while others found it to be too narrow and painful. It may be suitable for short-term wear or running errands, but may not be suitable for extended use or people with wider feet."
B0002MB9GK,"The shoe has mixed reviews. Some users love it due to its comfort and have worn it for years, while others found it to be too narrow and painful. It may be suitable for short-term wear or running errands, but may not be suitable for extended use or people with wider feet."
B0002MCZR2,"These slightly heeled boots are surprisingly comfortable for non-heel wearers, offering style without excessive height. The padded shaft prevents discomfort from creasing, and the roomy calf accommodates both skirts and jeans. While the footbed is well-cushioned, slightly more padding would earn a perfect rating."
B0002MCZR2,"These slightly heeled boots are surprisingly comfortable for non-heel wearers, offering style without excessive height. The padded shaft prevents discomfort from creasing, and the roomy calf accommodates both skirts and jeans. While the footbed is well-cushioned, slightly more padding would earn a perfect rating."
B0002MB8Q6,"The product has a color issue, with the 'mint' color being lime green instead. However, it is noted for its durability, comfort, and stylish metallic design. Reviewers appreciate the variety of metallic color options and find them suitable for everyday casual outings and special events."
B0002MB8Q6,"The product has a color issue, with the 'mint' color being lime green instead. However, it is noted for its durability, comfort, and stylish metallic design. Reviewers appreciate the variety of metallic color options and find them suitable for everyday casual outings and special events."
B0002MB8Q6,"The product has a color issue, with the 'mint' color being lime green instead. However, it is noted for its durability, comfort, and stylish metallic design. Reviewers appreciate the variety of metallic color options and find them suitable for everyday casual outings and special events."
B0002MB8DO,"Overall, the Grasshopper Women's Ashland Sneaker has mixed reviews. Some users find them comfortable and supportive, while others experience issues with the fit, such as narrow toe boxes, wide width sizing, and running large. Additionally, some users have reported durability concerns, with the shoes breaking during wear."
B0002MB8DO,"Overall, the Grasshopper Women's Ashland Sneaker has mixed reviews. Some users find them comfortable and supportive, while others experience issues with the fit, such as narrow toe boxes, wide width sizing, and running large. Additionally, some users have reported durability concerns, with the shoes breaking during wear."
B0002MB8DO,"Overall, the Grasshopper Women's Ashland Sneaker has mixed reviews. Some users find them comfortable and supportive, while others experience issues with the fit, such as narrow toe boxes, wide width sizing, and running large. Additionally, some users have reported durability concerns, with the shoes breaking during wear."
B0002MD71U,"The shoes are of great quality with excellent fit. They are stylish and comfortable. However, they can be slightly challenging to put on and are a bit pricey."
B0002MD71U,"The shoes are of great quality with excellent fit. They are stylish and comfortable. However, they can be slightly challenging to put on and are a bit pricey."
B0002MD71U,"The shoes are of great quality with excellent fit. They are stylish and comfortable. However, they can be slightly challenging to put on and are a bit pricey."
B0002MHVZS,"Mootsies Tootsies loafers are generally comfortable and loved by many users. However, some reviewers have complained about sizing issues and durability."
B0002MHVZS,"Mootsies Tootsies loafers are generally comfortable and loved by many users. However, some reviewers have complained about sizing issues and durability."
B0002MP8BM,"These Keds sneakers receive positive feedback for their design, fit, and comfort level, making them suitable for casual wear and narrow feet. However, users have noted a lack of arch support and a narrow fit for wide feet, leading to occasional discomfort."
B0002N3XFE,"Reviews for the shoe vary widely, with some users praising their comfort and style while others complain about narrowness, incorrect sizing, and lack of support. Some users also express dissatisfaction with the return process due to high shipping costs."
B0002NKEK6,"The shoes are comfortable but need to be broken in first, as they can be tight initially. One user experienced some discomfort and wrinkling after prolonged wear, but others found them easy to wear and true to size."
B0002NKEK6,"The shoes are comfortable but need to be broken in first, as they can be tight initially. One user experienced some discomfort and wrinkling after prolonged wear, but others found them easy to wear and true to size."
B0002NKEK6,"The shoes are comfortable but need to be broken in first, as they can be tight initially. One user experienced some discomfort and wrinkling after prolonged wear, but others found them easy to wear and true to size."
B0002PAI5U,"The Quark Pro-Air Comfort Clogs are highly rated for their comfort, especially for those on their feet all day. Many reviewers, particularly nurses and chefs, praise their cushioning and slip-on design. However, some have experienced sizing issues, finding them too narrow or small. While some users find the air circulation system effective, others have not noticed a difference. The shoes are generally considered breathable, but some individuals have reported sweaty feet. Overall, these clogs are well-received for their comfort and functionality, but sizing may be a concern for some."
B0002PBBRY,"The Dexter SST bowling shoes receive mixed reviews. While some users praise their comfort, looks, and fit, others express disappointment with their stiffness, discomfort, and heavy weight. The shoes tend to run wide and may require a break-in period. Overall, the shoes are functional and may improve bowling performance, but individual experiences vary."
B0002PLI0Y,"Overall, users gave mixed reviews for the product. Positive feedback includes perfect fit, comfort, and timely shipping. However, negative experiences included concerns about the narrow fit and cheap material."
B0002PLI0Y,"Overall, users gave mixed reviews for the product. Positive feedback includes perfect fit, comfort, and timely shipping. However, negative experiences included concerns about the narrow fit and cheap material."
B0002PLI0Y,"Overall, users gave mixed reviews for the product. Positive feedback includes perfect fit, comfort, and timely shipping. However, negative experiences included concerns about the narrow fit and cheap material."
B0002PUX96,"Overall, users have mixed reviews about the product. While some praise its durability, comfort, and height, others express concerns about its tendency to mark up easily and its bulky appearance which may not be suitable for all outfits. Some users also find the shoes to be a bit heavy initially but find them more comfortable after wearing them for a day. There are concerns about the inexpensive construction and the strange-looking heel design. However, users who enjoy the shoes appreciate their slip-on convenience, excellent comfort, and lack of slipping issues. They emphasize the importance of choosing the right size and giving the shoes time to adjust to the shape of the foot. Despite some wear and tear, users who like the shoes recommend them for summer and find them easy to walk and drive in."
B0002PUX96,"Overall, users have mixed reviews about the product. While some praise its durability, comfort, and height, others express concerns about its tendency to mark up easily and its bulky appearance which may not be suitable for all outfits. Some users also find the shoes to be a bit heavy initially but find them more comfortable after wearing them for a day. There are concerns about the inexpensive construction and the strange-looking heel design. However, users who enjoy the shoes appreciate their slip-on convenience, excellent comfort, and lack of slipping issues. They emphasize the importance of choosing the right size and giving the shoes time to adjust to the shape of the foot. Despite some wear and tear, users who like the shoes recommend them for summer and find them easy to walk and drive in."
B0002PUX96,"Overall, users have mixed reviews about the product. While some praise its durability, comfort, and height, others express concerns about its tendency to mark up easily and its bulky appearance which may not be suitable for all outfits. Some users also find the shoes to be a bit heavy initially but find them more comfortable after wearing them for a day. There are concerns about the inexpensive construction and the strange-looking heel design. However, users who enjoy the shoes appreciate their slip-on convenience, excellent comfort, and lack of slipping issues. They emphasize the importance of choosing the right size and giving the shoes time to adjust to the shape of the foot. Despite some wear and tear, users who like the shoes recommend them for summer and find them easy to walk and drive in."
B0002PXXJI,"Comfortable with a half size larger fit, but the boot top causes irritation and requires thick socks or bandages for support."
B0002PXXJI,"Comfortable with a half size larger fit, but the boot top causes irritation and requires thick socks or bandages for support."
B0002Q9HB0,"The slippers are comfortable and easy to wear, but some users experienced issues with the fit, particularly the back of the foot hanging out. They are made with quality materials, but do not have memory foam. Customers love the comfort, warmth, and style of these slippers, and many have purchased multiple pairs."
B0002Q9HB0,"The slippers are comfortable and easy to wear, but some users experienced issues with the fit, particularly the back of the foot hanging out. They are made with quality materials, but do not have memory foam. Customers love the comfort, warmth, and style of these slippers, and many have purchased multiple pairs."
B0002Q9HB0,"The slippers are comfortable and easy to wear, but some users experienced issues with the fit, particularly the back of the foot hanging out. They are made with quality materials, but do not have memory foam. Customers love the comfort, warmth, and style of these slippers, and many have purchased multiple pairs."
B0002QURXW,"Overall, the shoes are comfortable and visually appealing. However, some users have experienced issues with the width, either being too narrow or too wide. The sizing can also be inconsistent, with some users finding the shoes to be too long or too loose. Despite these issues, many users appreciate the shoes' durability and affordability."
B0002QURXW,"Overall, the shoes are comfortable and visually appealing. However, some users have experienced issues with the width, either being too narrow or too wide. The sizing can also be inconsistent, with some users finding the shoes to be too long or too loose. Despite these issues, many users appreciate the shoes' durability and affordability."
B0002QTQA2,"The Bear Paws boots are highly recommended for their quality and affordability, with many reviewers finding them comparable to more expensive brands like UGGs. However, it is advised to order half a size larger than usual as they tend to run small."
B0002QTQA2,"The Bear Paws boots are highly recommended for their quality and affordability, with many reviewers finding them comparable to more expensive brands like UGGs. However, it is advised to order half a size larger than usual as they tend to run small."
B0002QTQA2,"The Bear Paws boots are highly recommended for their quality and affordability, with many reviewers finding them comparable to more expensive brands like UGGs. However, it is advised to order half a size larger than usual as they tend to run small."
B0002QVDP8,"The reviews have contrasting opinions. Some users complain about receiving stained, used-looking shoes with missing straps, while others praise the product for its comfortable fit, quality materials, and flattering appearance. A few users highlight the accurate sizing and suitability for various foot widths and dance levels."
B0002QVDP8,"The reviews have contrasting opinions. Some users complain about receiving stained, used-looking shoes with missing straps, while others praise the product for its comfortable fit, quality materials, and flattering appearance. A few users highlight the accurate sizing and suitability for various foot widths and dance levels."
B0002QVDP8,"The reviews have contrasting opinions. Some users complain about receiving stained, used-looking shoes with missing straps, while others praise the product for its comfortable fit, quality materials, and flattering appearance. A few users highlight the accurate sizing and suitability for various foot widths and dance levels."
B0002RRN4M,"The product has received mostly positive reviews. Users found them to be comfortable, true to size, and with a perfect fit. However, one user experienced discomfort and requested a return."
B0002RRN4M,"The product has received mostly positive reviews. Users found them to be comfortable, true to size, and with a perfect fit. However, one user experienced discomfort and requested a return."
B0002RRN4M,"The product has received mostly positive reviews. Users found them to be comfortable, true to size, and with a perfect fit. However, one user experienced discomfort and requested a return."
B0002RZPRY,"The sandals are comfortable and stylish, with a good fit and long-lasting durability. Some users have mentioned that the black sandals may run slightly narrower than other colors."
B0002RZPRY,"The sandals are comfortable and stylish, with a good fit and long-lasting durability. Some users have mentioned that the black sandals may run slightly narrower than other colors."
B0002RZPRY,"The sandals are comfortable and stylish, with a good fit and long-lasting durability. Some users have mentioned that the black sandals may run slightly narrower than other colors."
B0002SQOPA,"Users highly recommend the product, expressing satisfaction and positivity through positive exclamations."
B0002SQOPA,"Users highly recommend the product, expressing satisfaction and positivity through positive exclamations."
B0002UNNR0,"The dance shoes from this brand are highly praised for their excellent quality, but many users have reported that they run small and recommend ordering one full size larger. The shoes are also noted to be true to size for some users, making it advisable to consult reviews carefully before purchasing."
B0002UNNR0,"The dance shoes from this brand are highly praised for their excellent quality, but many users have reported that they run small and recommend ordering one full size larger. The shoes are also noted to be true to size for some users, making it advisable to consult reviews carefully before purchasing."
B0002UNNR0,"The dance shoes from this brand are highly praised for their excellent quality, but many users have reported that they run small and recommend ordering one full size larger. The shoes are also noted to be true to size for some users, making it advisable to consult reviews carefully before purchasing."
B0002UNNNY,The dance shoes are of excellent quality but may run small and get dirty easily. They are not split-soled.
B0002UNNNY,The dance shoes are of excellent quality but may run small and get dirty easily. They are not split-soled.
B0002UNNNY,The dance shoes are of excellent quality but may run small and get dirty easily. They are not split-soled.
B0002UU36E,"Despite a potential nail hazard, these boots provide excellent protection and comfort. They are easy to walk in despite their platform design. Users recommend going a size up or half size down for a snug fit. The stylish appearance has garnered compliments. Some users experienced sizing issues, but a size adjustment resolved the problem."
B0002UU36E,"Despite a potential nail hazard, these boots provide excellent protection and comfort. They are easy to walk in despite their platform design. Users recommend going a size up or half size down for a snug fit. The stylish appearance has garnered compliments. Some users experienced sizing issues, but a size adjustment resolved the problem."
B0002UU36E,"Despite a potential nail hazard, these boots provide excellent protection and comfort. They are easy to walk in despite their platform design. Users recommend going a size up or half size down for a snug fit. The stylish appearance has garnered compliments. Some users experienced sizing issues, but a size adjustment resolved the problem."
B0002UTZGS,"Stylish and comfortable boots with a great fit, but heels may be too high for extended walking and an all-leather option would be preferred."
B0002UTZGS,"Stylish and comfortable boots with a great fit, but heels may be too high for extended walking and an all-leather option would be preferred."
B0002UUG66,"Users give positive feedback on the comfort and fit of these dance shoes. Despite being true to size, some users found them expensive and not durable, suggesting a lower price point would improve the rating."
B0002UUG66,"Users give positive feedback on the comfort and fit of these dance shoes. Despite being true to size, some users found them expensive and not durable, suggesting a lower price point would improve the rating."
B0002UUG66,"Users give positive feedback on the comfort and fit of these dance shoes. Despite being true to size, some users found them expensive and not durable, suggesting a lower price point would improve the rating."
B0002UUB4I,"The product runs small, with inconsistent sizing compared to Capezio's sizing chart. However, one reviewer found a good fit after trying on a larger size in a physical store. The shoes are made of leather and are comfortable for activities like tap dancing."
B0002UUB4I,"The product runs small, with inconsistent sizing compared to Capezio's sizing chart. However, one reviewer found a good fit after trying on a larger size in a physical store. The shoes are made of leather and are comfortable for activities like tap dancing."
B0002UUB4I,"The product runs small, with inconsistent sizing compared to Capezio's sizing chart. However, one reviewer found a good fit after trying on a larger size in a physical store. The shoes are made of leather and are comfortable for activities like tap dancing."
B0002Z1IHC,"The Pleaser Electra boots are generally highly rated for their comfort, fit, and style. However, users with wider calves or larger feet may find the boots too narrow or small. The limited availability of larger sizes and shaft widths is also a concern for some. Overall, the boots are well-made and durable, but users should consider their size and calf width before making a purchase."
B0002Z1KC0,"Users found these boots to be comfortable, stylish, and true to size. They particularly appreciated the accommodating fit for wider calves and the surprisingly high level of comfort despite the heels' height. While some mentioned the thin material and occasional issues with the zipper, the overall sentiment was positive, with many emphasizing the complementing style and ease of wear."
B0002Z1LTW,"Overall, the reviews for the product are mixed. Some users praise the product for its comfort, quality, and perfect fit, while others criticize it for being too tight or made of low-quality material. The product seems to be especially suitable for individuals with wide thighs and those who prefer a snug fit. The reviews suggest that the boots look great and are worth the price for some, but may not be the best option for everyone."
B0002Z1LTW,"Overall, the reviews for the product are mixed. Some users praise the product for its comfort, quality, and perfect fit, while others criticize it for being too tight or made of low-quality material. The product seems to be especially suitable for individuals with wide thighs and those who prefer a snug fit. The reviews suggest that the boots look great and are worth the price for some, but may not be the best option for everyone."
B0002Z1J62,"The Pleaser brand shoes have mixed reviews, with some users praising their comfort and receiving compliments, while others experienced discomfort, particularly in the calf area, and difficulty walking due to the high heels. The adjustable lace-up design is appreciated by those with larger calves, and some users have expressed surprise at the comfort level for an extended period of wear."
B0002Z1J62,"The Pleaser brand shoes have mixed reviews, with some users praising their comfort and receiving compliments, while others experienced discomfort, particularly in the calf area, and difficulty walking due to the high heels. The adjustable lace-up design is appreciated by those with larger calves, and some users have expressed surprise at the comfort level for an extended period of wear."
B0002Z1J62,"The Pleaser brand shoes have mixed reviews, with some users praising their comfort and receiving compliments, while others experienced discomfort, particularly in the calf area, and difficulty walking due to the high heels. The adjustable lace-up design is appreciated by those with larger calves, and some users have expressed surprise at the comfort level for an extended period of wear."
B00061EPFE,"The shoes are popular due to their comfort and stylish design, but some users experience fit issues. Order a half size up for optimal comfort. Despite offering more arch support than most, users with high arches may still desire additional support. The lightweight and flexible material is suitable for short-term wear or travel, but may not be ideal for extended periods or those with foot sensitivity."
B00061EPFE,"The shoes are popular due to their comfort and stylish design, but some users experience fit issues. Order a half size up for optimal comfort. Despite offering more arch support than most, users with high arches may still desire additional support. The lightweight and flexible material is suitable for short-term wear or travel, but may not be ideal for extended periods or those with foot sensitivity."
B00061EPFE,"The shoes are popular due to their comfort and stylish design, but some users experience fit issues. Order a half size up for optimal comfort. Despite offering more arch support than most, users with high arches may still desire additional support. The lightweight and flexible material is suitable for short-term wear or travel, but may not be ideal for extended periods or those with foot sensitivity."
B0006GXO8S,"Comfortable and stylish slippers with a distinct clicking sound upon movement, making them unsuitable for silent walking."
B0006GXO8S,"Comfortable and stylish slippers with a distinct clicking sound upon movement, making them unsuitable for silent walking."
B0006GXO8S,"Comfortable and stylish slippers with a distinct clicking sound upon movement, making them unsuitable for silent walking."
B0006MY4EU,"The slippers are lightweight, comfortable, and have nonslip soles. However, they may not be durable, with one user experiencing padding issues within a month."
B0006MY4EU,"The slippers are lightweight, comfortable, and have nonslip soles. However, they may not be durable, with one user experiencing padding issues within a month."
B0006MY4EU,"The slippers are lightweight, comfortable, and have nonslip soles. However, they may not be durable, with one user experiencing padding issues within a month."
B0006OC8H8,"The Columbia Sportswear Women's Tango Thong flip-flops are highly praised for their exceptional comfort and arch support, with many users reporting they are comparable to Dr. Scholls. They are described as feeling barefoot or barely there, and some users have owned multiple pairs for several years. However, a few reviewers experienced blisters or found them too tight, suggesting the fit may vary. Additionally, some noted that the soles can stain from sweat, which may be a concern for those in environments where shoes need to be removed."
B0006U8ISK,"Overall, the product receives positive feedback for its design, comfort, and flexibility, but some customers highlight its smaller-than-expected size. While one reviewer experienced a color mismatch, others express satisfaction and recommend the shoes for everyday wear."
B0006U8ISK,"Overall, the product receives positive feedback for its design, comfort, and flexibility, but some customers highlight its smaller-than-expected size. While one reviewer experienced a color mismatch, others express satisfaction and recommend the shoes for everyday wear."
B0002UU1OS,"This product has mixed reviews. Some users found them comfortable and stylish, while others reported sizing issues (running small and tight in the calves). There were also complaints of quality problems, such as heels coming off and the soles detaching. Overall, the reviews suggest that these boots may not be suitable for all users, particularly those with larger calves or who require a precise fit."
B0002UU1OS,"This product has mixed reviews. Some users found them comfortable and stylish, while others reported sizing issues (running small and tight in the calves). There were also complaints of quality problems, such as heels coming off and the soles detaching. Overall, the reviews suggest that these boots may not be suitable for all users, particularly those with larger calves or who require a precise fit."
B0002Z1J58,"The feedback for the product is mixed. Some users highly appreciate its fit, comfort, and style, while others express disappointment with the narrow calf size. There are also concerns about the laces being too long and the soles lacking slip resistance. Despite these concerns, the product's construction and durability are generally praised."
B0002MFZN8,"Overall, the shoes met the reviewer's style preferences but unfortunately had to be returned due to being too wide for their narrow feet."
B0002MFZN8,"Overall, the shoes met the reviewer's style preferences but unfortunately had to be returned due to being too wide for their narrow feet."
B0002UUIXC,"The BLOCH Women's Elastica Split-Sole Jazz Dance Shoe receives mixed reviews from users. While some praise the shoe's soft leather and comfortable fit, others complain about sizing issues and incorrect color shipments. The shoe is generally recommended for dancers with narrow feet, but some users suggest ordering true to street shoe size to avoid sizing problems."
B0002UUIXC,"The BLOCH Women's Elastica Split-Sole Jazz Dance Shoe receives mixed reviews from users. While some praise the shoe's soft leather and comfortable fit, others complain about sizing issues and incorrect color shipments. The shoe is generally recommended for dancers with narrow feet, but some users suggest ordering true to street shoe size to avoid sizing problems."
B0002L4O1S,"The Danner Stumptown boots are well-crafted and durable hiking boots, but they require a significant break-in period. Reviewers found that the boots run large, so it is recommended to order a size down. The stiff soles provide excellent support, but can cause discomfort during initial use. The boots are narrow, so those with wider feet may need to consider a different style. The nubuck leather requires waterproofing to maintain its longevity. Overall, the Danner Stumptown boots are a solid choice for those looking for a durable and supportive hiking boot, but be prepared for a lengthy break-in process."
B0002SQOO6,"Users highly appreciate the product, expressing positive sentiments such as 'love' and 'cool'."
B0002SQOO6,"Users highly appreciate the product, expressing positive sentiments such as 'love' and 'cool'."
B0000ESTEA,"The Converse leather monos are well-loved for their classic style, durability, and comfort. They run true to size and are a great value for money. Users appreciate the shoe's quality and find them perfect for both casual wear and special occasions."
B0000ESTEA,"The Converse leather monos are well-loved for their classic style, durability, and comfort. They run true to size and are a great value for money. Users appreciate the shoe's quality and find them perfect for both casual wear and special occasions."
B0000ESTEA,"The Converse leather monos are well-loved for their classic style, durability, and comfort. They run true to size and are a great value for money. Users appreciate the shoe's quality and find them perfect for both casual wear and special occasions."
B0002MI68Y,"Overall, the shoes are well-received for their sleek design and support. However, they tend to run small and narrow, so many users recommend ordering a size up. While the shoes may be initially tight, they tend to stretch with wear. The specific design of the tongue, which is attached to the sides, may cause discomfort for some users with wider feet. Despite these minor drawbacks, many users find the shoes comfortable for various activities, including running, hiking, and daily wear."
B0002SQON2,"Users highly recommend the product, expressing their satisfaction and approval."
B0002SQON2,"Users highly recommend the product, expressing their satisfaction and approval."
B0002KSH2G,"Mixed reviews for a shoe. Some users found it comfortable but slightly large, while others experienced poor quality and sizing issues. However, there were also positive reviews, praising the price and comfort."
B0002KSH2G,"Mixed reviews for a shoe. Some users found it comfortable but slightly large, while others experienced poor quality and sizing issues. However, there were also positive reviews, praising the price and comfort."
B0002KSH2G,"Mixed reviews for a shoe. Some users found it comfortable but slightly large, while others experienced poor quality and sizing issues. However, there were also positive reviews, praising the price and comfort."
B0002PLF16,"Most reviewers highly recommend the shoes, praising their comfort, style, and practicality. However, a few reviewers note potential issues with width and sole hardness."
B0002PLF16,"Most reviewers highly recommend the shoes, praising their comfort, style, and practicality. However, a few reviewers note potential issues with width and sole hardness."
B0002PLF16,"Most reviewers highly recommend the shoes, praising their comfort, style, and practicality. However, a few reviewers note potential issues with width and sole hardness."
B0002QU264,"Mixed reviews on shoe quality and sizing. Some users found the shoes to be poor quality, while others praised their fit and comfort. Sizing appears to run slightly large, with users recommending ordering a smaller size than usual."
B0002QU264,"Mixed reviews on shoe quality and sizing. Some users found the shoes to be poor quality, while others praised their fit and comfort. Sizing appears to run slightly large, with users recommending ordering a smaller size than usual."
B0002QU264,"Mixed reviews on shoe quality and sizing. Some users found the shoes to be poor quality, while others praised their fit and comfort. Sizing appears to run slightly large, with users recommending ordering a smaller size than usual."
B000072UMA,Mixed reviews; positive feedback on company and product quality; some complaints about product condition upon arrival and suspected counterfeit.
B0000ACXIV,"Mixed reviews for Prince tennis shoes; some users praise the comfort, support, and durability, while others criticize the patchwork assembly and glue marks, highlighting poor quality and discoloration."
B0002CFCGI,"The first review expresses dissatisfaction with the shoes and plans to give them away, while the second review praises the comfort and versatility of the sandals."
B0002LYO90,"Users report mixed experiences with the shoes. While some find them comfortable and well-made, others have issues with the sizing. Some shoes run small and need to be stretched, while others run large. The shoe is not recommended for narrow feet. Despite the sizing issues, the shoes are generally praised for their comfort and style."
B0002MB8NY,"The Keds fit as expected and arrived quickly. The color, however, is not an exact match to the photo. One reviewer described it as similar to the coral color of the Apple iPhone 5C."
B0002MHKEA,"Comfortable and stylish leather sandals, true to size with a perfect fit. Users find them suitable for various occasions and outfits. The high-quality leather and craftsmanship add to the appeal, along with the ability to be worn for extended periods without discomfort."
B0002MIZK8,Positive reviews mention timely delivery and satisfactory usage for the intended purpose.
B0002MTVC4,The reviewer has been wearing this style for over 50 years and would like to see more variety in styles and prints for wider widths.
B0002PVINQ,"The Carolina ST work shoe is a good value for the price, under $40. However, the reviewer cannot comment on the shoe's durability as they have not owned it for long."
B0002PXASC,"Shoe was labeled incorrectly as steel-toe but was not. The material of the shoe is also not suitable for factory work due to being suede and fake fur. The reviewer did not try on the shoe, so cannot comment on comfort."
B0002QOYK4,"Mixed reviews: One user found them comfortable but with some minor rubbing, while another found them extremely narrow and uncomfortable for regular feet."
B0002RFQ9G,"The Plie I slippers are highly praised for their beauty and arch support, but users caution that the sizing is much smaller than standard street shoe sizes, leading to dissatisfaction and difficulty finding the right fit."
B0002RFNRQ,"The ballet shoes run small, but the seller has good customer service and the product is well-made."
B0002S6T3W,"The Easy Street Sandal is stylish and fits well, but it suffers from persistent squeaking. Its quality is considered poor by some users, who report it falling apart after a month of use, while others find it acceptable given its affordable price. Users with wide feet may find the elastic upper too loose for secure footing. The sandal may cut into the big toe of some wearers. Despite its flaws, users appreciate the comfort, versatility, and affordable price of the sandal."
B0002S36M4,"Blondo winter boots receive mixed reviews due to inconsistent calf widths. While some reviewers praise the comfortable fit for narrow calves and feet, others express disappointment with the extremely tight calf circumference. Additionally, users note the boots' high height, decorative back zipper, and stiff construction, which may require breaking in."
B0002UUHAG,"The shoes are generally comfortable and suitable for dance classes, particularly for those who prioritize flexibility and forgiveness in dance shoes. While the shoes may lack significant arch support or padding, they are reported to be easy on the toes and accommodating for dancers with bunions. There are some concerns about the elastic band being tight, and the hard plastic heel may not provide the most comfort for extended wear."
B0002UVL7E,"The Capezio T-strap dance shoes are generally well-received, with many users highlighting their comfort, reliable quality, and ability to prevent toe slippage. However, some concerns have been raised about the shoes being slightly smaller in size, needing a break-in period, and potentially not being made of the softest leather. Additionally, there have been isolated instances of dissatisfaction due to receiving incorrect or defective shoes."
B0002UUFJY,"Bloch tap shoes are highly praised for their excellent fit, comfort, sound quality, and durability, with users consistently expressing their satisfaction and recommending them."
B0002WUYGG,"The clogs fit well and provide good support. One reviewer experienced sizing issues with a second pair and had to return it. Some long-time wearers appreciate the style and comfort, while another reviewer notes stitching issues after limited wear."
B0002YE8UW,"Highly recommended brush for long, tangled hair. Users praise its effectiveness in detangling without breakage and durability after prolonged use."
B0002YE8VQ,"The headbands are praised for durability, good quality, and comfort by some users, while others criticize their small size, poor quality, and high price."
B0002Z1KXE,"The boots fit comfortably with minor stiffness around the ankles. Some users reported receiving worn and scuffed items. They are described as cute and suitable for occasional use, but the sizing runs small and the plastic material is cheap. Despite this, the boots are considered comfortable, especially after breaking them in. Some users appreciate the quick removal option provided by the side zippers and the lace-up design, which enhances the aesthetic appeal."
B0002Z1LNI,"The boots are visually appealing and flattering, receiving compliments from users. However, the narrow toe design causes significant discomfort, leading to pain and a need to discontinue wearing them. The quality and fit of the boots are generally praised, but the expensive price point is noted as a potential downside."
B0002Z1MS2,"These lace-up thigh-high boots are popular and fit as expected. They are comfortable despite requiring lacing up each time and can accommodate wider legs. While they may be difficult to bend in, the sturdy heel makes them suitable for extended wear, and the zipper allows for easy removal. The long shoelaces ensure a secure fit, and the boots are perfect for costumes or other occasions."
B0002Z1MDM,"The product receives mixed reviews. Some users praise its comfort, fit for smaller legs, and suitability for dance. Others critique its lack of stretch, insufficient calf space, and tight leg portion."
B0002Z9UL8,"This diverse and concise Christmas album features a range of well-known and lesser-known Christmas songs performed by a diverse group of artists, including Anna Moffo, Anthony Newley, Julie Andrews, and others. The album provides a mix of traditional and contemporary Christmas tunes, and the sound quality is excellent."
B0005CHNJY,"The product's insoles wore out quickly, requiring the purchase of spare insoles for comfort. Despite the lack of arch support, the user found the product effective for walking on ice and snow due to its good tread."
B00067U6KQ,"These K-Swiss tennis shoes are highly praised for their superior ankle support, providing stability during various activities including tennis, pickleball, and walking. Many reviewers with heel problems and ankle injuries find these shoes particularly effective. While some users appreciate the wider toe box, others find it too loose and prefer a more snug fit. The shoes are described as comfortable, durable, and well-made, with a high level of customer satisfaction."
B0006LR22M,"Comfortable and well-liked sneakers, but may require some stretching initially."
B0006LR21S,Overall positive reviews with some mentions of snug fit and personal preferences.
B0006LPXDC,"The shoe runs large, so it's recommended to order a size down. It's comfortable and beautiful, with a zipper at the back for easy on and off. However, the band around the foot can be uncomfortable for some."
B0006O12WU,"Overall, the product received mixed reviews. Some users were satisfied with the quality and comfort, while others were disappointed with the size and inability to return the product. Despite negative feedback regarding the size, several users praised the shoes' appearance and versatility, finding them suitable for various outfits and occasions."
B0006OC4YK,"Both reviewers found the shoes to be comfortable and suitable for various activities, including work, play, and walking. They noted the spacious toe box and the versatile tread that provides good grip in different weather conditions."
B0002UTSHO,"The product runs small and narrow, but is comfortable and easy to walk in for events. However, some reviewers express concerns about the durability and materials used, finding them to be subpar and overpriced."
B0002RFRGI,"The Capezio TenduPointe II Shoe has mixed reviews. Some customers experienced issues with the condition of the shoes they received, including red spots and mildew. Others found the fit to be comfortable and suitable for their intended purpose, such as strengthening for potential pointe work. The shoe is also praised for its affordability. However, one reviewer suggests ordering a size larger for a better fit."
B0002UTSGA,"Boots fit slightly snug, especially in the toe area. The reviewer recommends ordering a half-size larger. Despite being labeled as women's boots, they have a more masculine, 'Goth' appearance and can be paired with various outfits."
B0002Z1KIO,
B00067X3ZG,"Silver character shoes from the reviewer are praised for their high quality, comfort, and unique shine that makes them stand out."
B0002PX9QU,"The shoes arrived without the advertised steel toe protection, disappointing the reviewer who purchased them for safety purposes. Customer service was responsive, but the product's lack of key features and missing documentation was noted as a negative experience."
B0001EKJZG,"One user prefers a different color for the watch's wristband clasps and finds them too noticeable, while another highly recommends the watch due to its easy cleaning and perfect fit for a specific work environment."
B0006OC2Y2,"The shoe is aesthetically pleasing and well-constructed, but lacks sufficient arch support for prolonged wear. It is suitable for casual use, but not recommended for occupations requiring extended periods of standing."
B0002PYIXI,These work boots are affordable and provide adequate comfort for work purposes.
B0002PVJDU,"The reviewer is very disappointed with the shoes, calling them 'Chinese junk' and stating that the soles only lasted a day. They contacted Carolina Shoes about the issue but were told to contact the retailer."
B0001MLLF0,"The slippers were too small and uncomfortable, with hard and non-flexible soles, causing pain. Users recommend against ordering from this place due to a $5 restock fee on returns."
B0006V39MY,The user highly approves of the product.
B0002PYJFA,"The boots provide excellent comfort, arch support, and reduce fatigue after long hours of standing, making them ideal for those who work on their feet all day."
B0002Y80XI,The shoes are visually appealing and enhance the wearer's appearance. They are comfortable and suitable for various occasions.
B0006UC412,"The Yellow Box flip flops are extremely comfortable and stylish. They are so soft without being too soft, and are made with high-quality materials. The leather adds a sophisticated touch to both casual and formal attire. Compared to other brands, Yellow Box flip flops provide exceptional comfort and prevent blisters or rub marks between toes."
B0002PLFSO,The shoes are too narrow for the user to wear.
B00067I428,"These shoes are slightly tighter than expected but comfortable to wear despite the snug fit, providing satisfaction to the user."
B0002XLE2I,"The Testarossa climbing shoe excels as an all-around choice for indoor climbing. Its aggressive design provides excellent support for small edges, toe holds, overhangs, and smearing. The extended durability (up to two years) and secure fit are highlights, though the lack of velcro closure is a minor drawback."
B0002KSGMM,The shoe lacks comfort due to insufficient arch support and cushioning.
B0002XLE3W,"Exceptional shoes highly recommended, with repeat purchases and satisfaction guaranteed."
B0002XLELE,"The shoes were excessively tight and asymmetrical, causing discomfort and an ill fit. The loose left heel and snug right heel further exacerbated the issue. Additionally, the company's failure to cover return shipping costs resulted in financial loss for the customer."
B0006LQVOM,Comfortable and practical walking shoes with a great value but limited fashion appeal due to wrinkle-prone material.
B0002T3Z8I,"Pink Heart Creeper shoes have a hot pink color (not baby pink) that fades quickly, so users should be prepared to touch up with a hot pink sharpie."
B0006LTAYU,Comfortable and stylish but durability issues with fabric unraveling and falling apart within a month of regular use.
B0002Z1LHO,"Comfortable shoe section, but the boot does not fit over larger calves despite the reviewer being petite due to disproportionate calf sizing in relation to foot size."
B0002S9LIC,"The user found the product to be too stiff, contrary to their expectations of the Reebok brand."
B0002RRLR6,"The product runs small in size. One reviewer received children's shoes instead of the adult size they ordered, while another found the shoes to be too tight and had to return them for a larger size."
B0006OC760,The flip-flops were highly appreciated as a gift and became the favorite footwear of the recipient.
B0006OC6OS,"Both reviewers highly recommend the product due to its comfort, functionality, and affordability. The first reviewer praises its lightness and affordability, while the second reviewer highlights its durability, non-slip features, and suitability for outdoor activities."
B0002Y7NOU,The product causes severe pain.
B0002YHY6M,"The reviewer highly recommends the product, rating it five stars. They indicate a desire to purchase additional pairs if available."
B0002RFPJM,"The Capezio brand pointe shoes are praised for their suitability for beginner ballet dancers, reintroduction to pointe for personal use, and professional training due to their precise fit, comfortable support, and durability."
